frame,timestamp_sec,pred_diameter_px
0,0.0,6.2081
1,0.0333,6.1635
2,0.0667,6.1675
3,0.1,6.1778
4,0.1333,6.1769
5,0.1667,6.1724
6,0.2,6.1675
7,0.2333,6.1701
8,0.2667,6.1719
9,0.3,6.1716
10,0.3333,6.1723
11,0.3667,6.1727
12,0.4,6.2079
13,0.4333,6.2068
14,0.4667,6.21
15,0.5,6.21
16,0.5333,6.21
17,0.5667,6.2108
18,0.6,6.2111
19,0.6333,6.2111
20,0.6667,6.2111
21,0.7,6.211
22,0.7333,6.2099
23,0.7667,6.2099
24,0.8,6.198
25,0.8333,6.1976
26,0.8667,6.2004
27,0.9,6.1987
28,0.9333,6.1969
29,0.9667,6.1965
30,1.0,6.197
31,1.0333,6.1979
32,1.0667,6.1981
33,1.1,6.198
34,1.1333,6.198
35,1.1667,6.1962
36,1.2,6.1937
37,1.2333,6.1905
38,1.2667,6.1934
39,1.3,6.1934
40,1.3333,6.1928
41,1.3667,6.194
42,1.4,6.1962
43,1.4333,6.1901
44,1.4667,6.1905
45,1.5,7.7708
46,1.5333,10.8922
47,1.5667,12.8839
48,1.6,30.8837
49,1.6333,32.6933
50,1.6667,32.9154
51,1.7,33.2839
52,1.7333,33.0434
53,1.7667,32.6154
54,1.8,31.8333
55,1.8333,32.0878
56,1.8667,32.2659
57,1.9,32.5082
58,1.9333,32.5241
59,1.9667,32.5466
60,2.0,30.2582
61,2.0333,24.7361
62,2.0667,23.1223
63,2.1,23.212
64,2.1333,26.3174
65,2.1667,27.8571
66,2.2,27.4953
67,2.2333,30.4792
68,2.2667,30.6171
69,2.3,30.9467
70,2.3333,31.3147
71,2.3667,31.4906
72,2.4,32.7116
73,2.4333,32.7105
74,2.4667,32.6634
75,2.5,32.8127
76,2.5333,32.3247
77,2.5667,32.4945
78,2.6,32.5335
79,2.6333,32.2371
80,2.6667,32.4498
81,2.7,32.1138
82,2.7333,32.1426
83,2.7667,32.1494
84,2.8,32.4843
85,2.8333,32.623
86,2.8667,32.6978
87,2.9,32.3041
88,2.9333,32.0214
89,2.9667,31.8096
90,3.0,31.9589
91,3.0333,32.1063
92,3.0667,32.1578
93,3.1,32.161
94,3.1333,32.031
95,3.1667,31.9965
96,3.2,31.528
97,3.2333,31.4145
98,3.2667,31.0817
99,3.3,31.0137
100,3.3333,31.2003
101,3.3667,31.2052
102,3.4,31.4122
103,3.4333,31.3282
104,3.4667,31.0365
105,3.5,31.3097
106,3.5333,31.4762
107,3.5667,32.0541
108,3.6,31.4449
109,3.6333,31.5664
110,3.6667,31.4846
111,3.7,31.587
112,3.7333,31.503
113,3.7667,31.3073
114,3.8,31.2346
115,3.8333,31.1347
116,3.8667,30.9368
117,3.9,31.3853
118,3.9333,31.0836
119,3.9667,30.9404
120,4.0,31.4947
121,4.0333,31.5793
122,4.0667,31.6855
123,4.1,30.1647
124,4.1333,24.4398
125,4.1667,24.3305
126,4.2,24.601
127,4.2333,24.3515
128,4.2667,24.36
129,4.3,25.1742
130,4.3333,25.1674
131,4.3667,24.8556
132,4.4,26.3764
133,4.4333,26.3187
134,4.4667,29.3651
135,4.5,29.3816
136,4.5333,29.5078
137,4.5667,31.1254
138,4.6,31.5896
139,4.6333,31.7157
140,4.6667,31.787
141,4.7,32.1294
142,4.7333,32.2113
143,4.7667,32.3131
144,4.8,33.3317
145,4.8333,32.8463
146,4.8667,32.9687
147,4.9,32.8368
148,4.9333,32.7681
149,4.9667,32.6547
150,5.0,32.6486
151,5.0333,32.8757
152,5.0667,32.8413
153,5.1,32.7187
154,5.1333,32.5791
155,5.1667,33.2735
156,5.2,33.6462
157,5.2333,33.8544
158,5.2667,33.7305
159,5.3,34.0078
160,5.3333,33.5909
161,5.3667,33.5877
162,5.4,33.4624
163,5.4333,33.454
164,5.4667,33.3297
165,5.5,33.3668
166,5.5333,33.4565
167,5.5667,33.4963
168,5.6,32.4793
169,5.6333,32.3121
170,5.6667,32.2068
171,5.7,32.1754
172,5.7333,32.2798
173,5.7667,32.6646
174,5.8,32.7444
175,5.8333,32.8591
176,5.8667,29.7076
177,5.9,23.9727
178,5.9333,23.9881
179,5.9667,24.5318
180,6.0,22.9209
181,6.0333,22.8679
182,6.0667,27.0293
183,6.1,28.1545
184,6.1333,29.9915
185,6.1667,30.0953
186,6.2,30.3208
187,6.2333,30.1792
188,6.2667,30.4988
189,6.3,30.8391
190,6.3333,30.8375
191,6.3667,31.3709
192,6.4,31.1046
193,6.4333,31.6371
194,6.4667,31.6646
195,6.5,31.7038
196,6.5333,32.047
197,6.5667,31.8394
198,6.6,31.7871
199,6.6333,31.6793
200,6.6667,31.4169
201,6.7,31.6927
202,6.7333,31.7704
203,6.7667,31.7801
204,6.8,32.6758
205,6.8333,33.1004
206,6.8667,33.0847
207,6.9,33.1358
208,6.9333,32.9347
209,6.9667,32.9915
210,7.0,32.5505
211,7.0333,32.7439
212,7.0667,32.3885
213,7.1,32.8762
214,7.1333,32.6776
215,7.1667,32.87
216,7.2,32.6107
217,7.2333,32.8102
218,7.2667,32.7035
219,7.3,33.0005
220,7.3333,32.9184
221,7.3667,32.7952
222,7.4,32.5211
223,7.4333,32.2171
224,7.4667,32.2743
225,7.5,32.2164
226,7.5333,32.3462
227,7.5667,32.5338
228,7.6,33.1043
229,7.6333,33.4492
230,7.6667,33.2366
231,7.7,33.4043
232,7.7333,33.3282
233,7.7667,33.184
234,7.8,33.3126
235,7.8333,33.5994
236,7.8667,33.4171
237,7.9,33.345
238,7.9333,33.4001
239,7.9667,33.4432
240,8.0,31.65
241,8.0333,31.9255
242,8.0667,32.0827
243,8.1,32.0414
244,8.1333,31.7744
245,8.1667,31.6925
246,8.2,31.6937
247,8.2333,31.6185
248,8.2667,31.7451
249,8.3,32.0616
250,8.3333,32.0078
251,8.3667,32.0394
252,8.4,32.8802
253,8.4333,32.7071
254,8.4667,32.8203
255,8.5,32.92
256,8.5333,32.7458
257,8.5667,32.9468
258,8.6,32.9328
259,8.6333,32.8107
260,8.6667,32.7601
261,8.7,32.4417
262,8.7333,32.5487
263,8.7667,32.7198
264,8.8,32.4676
265,8.8333,32.3817
266,8.8667,32.3687
267,8.9,32.918
268,8.9333,32.4364
269,8.9667,32.5599
270,9.0,32.4698
271,9.0333,32.374
272,9.0667,32.3523
273,9.1,32.2525
274,9.1333,32.0125
275,9.1667,31.9229
276,9.2,32.6154
277,9.2333,33.0358
278,9.2667,32.4782
279,9.3,32.5689
280,9.3333,32.8749
281,9.3667,32.8558
282,9.4,32.8938
283,9.4333,32.9316
284,9.4667,32.8866
285,9.5,32.8252
286,9.5333,32.8336
287,9.5667,32.8949
288,9.6,32.6092
289,9.6333,32.6177
290,9.6667,32.5065
291,9.7,32.4161
292,9.7333,32.6497
293,9.7667,32.8125
294,9.8,32.6034
295,9.8333,32.574
296,9.8667,32.4702
297,9.9,32.3169
298,9.9333,32.4733
299,9.9667,32.6643
300,10.0,33.3203
301,10.0333,33.2204
302,10.0667,33.1351
303,10.1,33.6511
304,10.1333,33.2721
305,10.1667,33.2915
306,10.2,33.4836
307,10.2333,33.4448
308,10.2667,32.9954
309,10.3,33.1008
310,10.3333,33.1598
311,10.3667,33.1636
312,10.4,32.9388
313,10.4333,32.8779
314,10.4667,32.8561
315,10.5,32.9283
316,10.5333,32.9266
317,10.5667,33.0638
318,10.6,33.0832
319,10.6333,33.1495
320,10.6667,33.0023
321,10.7,33.3077
322,10.7333,33.2268
323,10.7667,33.52
324,10.8,33.1841
325,10.8333,33.0977
326,10.8667,32.9239
327,10.9,33.311
328,10.9333,33.6867
329,10.9667,33.5879
330,11.0,33.5866
331,11.0333,33.7403
332,11.0667,33.6873
333,11.1,33.4845
334,11.1333,33.6563
335,11.1667,33.6297
336,11.2,33.2748
337,11.2333,33.457
338,11.2667,33.8371
339,11.3,33.4509
340,11.3333,33.3768
341,11.3667,33.7394
342,11.4,33.7722
343,11.4333,34.053
344,11.4667,34.186
345,11.5,34.2873
346,11.5333,33.8211
347,11.5667,33.6986
348,11.6,34.3078
349,11.6333,34.2972
350,11.6667,34.5681
351,11.7,34.9711
352,11.7333,34.1304
353,11.7667,34.0595
354,11.8,33.9458
355,11.8333,34.3182
356,11.8667,34.3601
357,11.9,34.329
358,11.9333,33.7914
359,11.9667,34.2921
360,12.0,32.892
361,12.0333,33.1566
362,12.0667,33.3305
363,12.1,33.3499
364,12.1333,33.2516
365,12.1667,33.3301
366,12.2,33.5121
367,12.2333,33.4136
368,12.2667,33.3578
369,12.3,32.9664
370,12.3333,32.4192
371,12.3667,32.046
372,12.4,33.278
373,12.4333,31.0541
374,12.4667,25.3256
375,12.5,25.4085
376,12.5333,25.3913
377,12.5667,25.0126
378,12.6,25.0005
379,12.6333,28.1047
380,12.6667,28.0635
381,12.7,28.021
382,12.7333,28.0207
383,12.7667,28.0186
384,12.8,29.446
385,12.8333,33.1935
386,12.8667,32.848
387,12.9,32.6647
388,12.9333,32.6545
389,12.9667,32.6335
390,13.0,32.6444
391,13.0333,32.2994
392,13.0667,32.5876
393,13.1,32.7673
394,13.1333,31.2974
395,13.1667,31.4157
396,13.2,29.6037
397,13.2333,29.4453
398,13.2667,29.27
399,13.3,27.9401
400,13.3333,27.9698
401,13.3667,27.2482
402,13.4,26.9851
403,13.4333,25.8633
404,13.4667,25.0365
405,13.5,24.9004
406,13.5333,24.8301
407,13.5667,24.3043
408,13.6,23.6573
409,13.6333,23.251
410,13.6667,22.4857
411,13.7,22.4661
412,13.7333,21.9879
413,13.7667,21.7793
414,13.8,21.628
415,13.8333,21.4505
416,13.8667,21.2831
417,13.9,21.0934
418,13.9333,20.9196
419,13.9667,20.884
420,14.0,21.3087
421,14.0333,21.3163
422,14.0667,21.3396
423,14.1,21.2545
424,14.1333,21.3018
425,14.1667,21.2067
426,14.2,21.0958
427,14.2333,21.0815
428,14.2667,21.064
429,14.3,20.9669
430,14.3333,20.9927
431,14.3667,21.1105
432,14.4,21.1628
433,14.4333,21.7339
434,14.4667,21.6874
435,14.5,21.3282
436,14.5333,21.5497
437,14.5667,21.5878
438,14.6,21.035
439,14.6333,20.8554
440,14.6667,20.7949
441,14.7,20.8213
442,14.7333,20.9028
443,14.7667,20.8572
444,14.8,21.2264
445,14.8333,21.1787
446,14.8667,21.498
447,14.9,21.5876
448,14.9333,21.6901
449,14.9667,21.6003
450,15.0,21.4972
451,15.0333,21.5123
452,15.0667,21.7166
453,15.1,21.9705
454,15.1333,21.8829
455,15.1667,21.7599
456,15.2,21.7063
457,15.2333,21.6967
458,15.2667,21.6379
459,15.3,21.622
460,15.3333,21.7459
461,15.3667,21.7138
462,15.4,21.7632
463,15.4333,21.8153
464,15.4667,21.7833
465,15.5,21.6999
466,15.5333,21.6709
467,15.5667,21.6745
468,15.6,21.6452
469,15.6333,21.4571
470,15.6667,21.4233
471,15.7,21.3856
472,15.7333,21.3763
473,15.7667,21.2918
474,15.8,21.2532
475,15.8333,21.277
476,15.8667,21.5214
477,15.9,21.4843
478,15.9333,21.4357
479,15.9667,22.4237
480,16.0,21.1062
481,16.0333,20.5822
482,16.0667,20.4558
483,16.1,21.6833
484,16.1333,21.555
485,16.1667,21.697
486,16.2,21.4628
487,16.2333,21.8409
488,16.2667,22.0207
489,16.3,21.8627
490,16.3333,21.8425
491,16.3667,22.0079
492,16.4,21.6394
493,16.4333,21.7076
494,16.4667,21.717
495,16.5,21.7456
496,16.5333,21.7237
497,16.5667,21.5365
498,16.6,21.5652
499,16.6333,21.6876
500,16.6667,21.6496
501,16.7,21.6826
502,16.7333,21.7733
503,16.7667,21.6123
504,16.8,21.3237
505,16.8333,21.3841
506,16.8667,21.3703
507,16.9,21.4022
508,16.9333,21.4603
509,16.9667,21.5097
510,17.0,21.5257
511,17.0333,21.5621
512,17.0667,21.5712
513,17.1,21.5196
514,17.1333,21.441
515,17.1667,21.4577
516,17.2,21.1838
517,17.2333,21.2919
518,17.2667,21.3522
519,17.3,21.4233
520,17.3333,21.5635
521,17.3667,21.4978
522,17.4,21.5439
523,17.4333,21.6531
524,17.4667,24.1094
525,17.5,24.4878
526,17.5333,24.5401
527,17.5667,21.701
528,17.6,21.7826
529,17.6333,23.0547
530,17.6667,22.6446
531,17.7,22.8696
532,17.7333,22.9704
533,17.7667,22.6982
534,17.8,22.9668
535,17.8333,22.7933
536,17.8667,23.2243
537,17.9,23.0207
538,17.9333,23.1438
539,17.9667,23.3431
540,18.0,23.5227
541,18.0333,23.4184
542,18.0667,23.0246
543,18.1,23.1124
544,18.1333,22.826
545,18.1667,23.0114
546,18.2,22.9984
547,18.2333,22.6004
548,18.2667,22.8557
549,18.3,22.852
550,18.3333,22.924
551,18.3667,22.8764
552,18.4,22.7961
553,18.4333,22.8543
554,18.4667,22.9129
555,18.5,22.9289
556,18.5333,23.1003
557,18.5667,23.0094
558,18.6,23.0067
559,18.6333,22.9366
560,18.6667,23.0424
561,18.7,23.0744
562,18.7333,23.0289
563,18.7667,22.9598
564,18.8,23.1975
565,18.8333,23.0122
566,18.8667,22.9829
567,18.9,22.9883
568,18.9333,23.0126
569,18.9667,22.9432
570,19.0,23.0346
571,19.0333,23.1656
572,19.0667,23.1526
573,19.1,23.2762
574,19.1333,23.1195
575,19.1667,23.1297
576,19.2,23.0414
577,19.2333,23.1264
578,19.2667,23.0786
579,19.3,23.3109
580,19.3333,23.4662
581,19.3667,23.2804
582,19.4,23.3791
583,19.4333,22.9019
584,19.4667,24.0673
585,19.5,23.9072
586,19.5333,23.9278
587,19.5667,24.4252
588,19.6,24.2914
589,19.6333,21.4794
590,19.6667,21.2459
591,19.7,20.3605
592,19.7333,20.3926
593,19.7667,19.9425
594,19.8,19.9059
595,19.8333,20.1396
596,19.8667,20.146
597,19.9,20.1258
598,19.9333,20.1051
599,19.9667,20.0751
600,20.0,20.1212
601,20.0333,20.266
602,20.0667,20.2376
603,20.1,20.2456
604,20.1333,20.1966
605,20.1667,20.1801
606,20.2,20.1238
607,20.2333,20.0042
608,20.2667,20.1948
609,20.3,20.237
610,20.3333,20.1754
611,20.3667,20.1285
612,20.4,20.1906
613,20.4333,20.0387
614,20.4667,20.1354
615,20.5,20.0453
616,20.5333,20.0817
617,20.5667,20.0462
618,20.6,20.0309
619,20.6333,20.1242
620,20.6667,20.0607
621,20.7,20.0343
622,20.7333,20.074
623,20.7667,20.0265
624,20.8,20.1514
625,20.8333,19.9434
626,20.8667,19.907
627,20.9,20.0146
628,20.9333,19.9932
629,20.9667,20.0091
630,21.0,19.9727
631,21.0333,20.0182
632,21.0667,20.0318
633,21.1,20.053
634,21.1333,20.0359
635,21.1667,19.9721
636,21.2,20.1719
637,21.2333,20.1759
638,21.2667,20.171
639,21.3,20.2004
640,21.3333,20.1802
641,21.3667,20.1411
642,21.4,20.1805
643,21.4333,20.2114
644,21.4667,20.2426
645,21.5,20.1927
646,21.5333,20.2471
647,21.5667,20.364
648,21.6,20.3589
649,21.6333,20.5541
650,21.6667,24.8559
651,21.7,24.9237
652,21.7333,24.8608
653,21.7667,23.2495
654,21.8,21.0231
655,21.8333,21.1038
656,21.8667,21.0881
657,21.9,21.1187
658,21.9333,21.055
659,21.9667,21.0676
660,22.0,21.0085
661,22.0333,21.0596
662,22.0667,21.0992
663,22.1,21.3506
664,22.1333,21.3642
665,22.1667,21.3621
666,22.2,21.5039
667,22.2333,21.5596
668,22.2667,21.6086
669,22.3,21.1598
670,22.3333,20.824
671,22.3667,20.8301
672,22.4,21.1241
673,22.4333,21.023
674,22.4667,20.8432
675,22.5,20.805
676,22.5333,20.876
677,22.5667,20.9502
678,22.6,20.8913
679,22.6333,20.9938
680,22.6667,21.0671
681,22.7,20.7496
682,22.7333,20.8444
683,22.7667,20.8177
684,22.8,21.4429
685,22.8333,21.5045
686,22.8667,21.6912
687,22.9,21.6808
688,22.9333,21.6724
689,22.9667,21.5915
690,23.0,21.1649
691,23.0333,21.1783
692,23.0667,20.8007
693,23.1,20.7505
694,23.1333,20.5699
695,23.1667,22.0192
696,23.2,22.5394
697,23.2333,24.3668
698,23.2667,24.7991
699,23.3,24.8562
700,23.3333,25.1549
701,23.3667,23.2681
702,23.4,22.7929
703,23.4333,22.7924
704,23.4667,22.0309
705,23.5,21.8645
706,23.5333,22.064
707,23.5667,22.3675
708,23.6,22.5186
709,23.6333,22.5945
710,23.6667,22.7224
711,23.7,22.8798
712,23.7333,22.8644
713,23.7667,22.6353
714,23.8,22.7086
715,23.8333,22.8799
716,23.8667,21.8612
717,23.9,21.6158
718,23.9333,21.1491
719,23.9667,20.9175
720,24.0,20.8631
721,24.0333,21.1794
722,24.0667,21.1954
723,24.1,21.0373
724,24.1333,20.7515
725,24.1667,20.519
726,24.2,20.6983
727,24.2333,20.858
728,24.2667,20.638
729,24.3,20.9064
730,24.3333,20.9567
731,24.3667,20.8822
732,24.4,20.767
733,24.4333,20.8012
734,24.4667,20.7867
735,24.5,20.7043
736,24.5333,20.6201
737,24.5667,20.6576
738,24.6,20.5302
739,24.6333,20.4828
740,24.6667,20.5246
741,24.7,20.5726
742,24.7333,20.6368
743,24.7667,20.5321
744,24.8,20.7818
745,24.8333,20.7592
746,24.8667,21.0013
747,24.9,20.9249
748,24.9333,21.0814
749,24.9667,21.0958
750,25.0,21.0936
751,25.0333,21.3131
752,25.0667,21.2889
753,25.1,21.2703
754,25.1333,21.3356
755,25.1667,21.3322
756,25.2,21.7209
757,25.2333,21.7891
758,25.2667,21.7439
759,25.3,21.6726
760,25.3333,21.5938
761,25.3667,21.5686
762,25.4,21.5471
763,25.4333,21.5132
764,25.4667,21.7225
765,25.5,25.376
766,25.5333,25.2637
767,25.5667,24.8954
768,25.6,24.8109
769,25.6333,24.8255
770,25.6667,24.8423
771,25.7,24.8512
772,25.7333,24.8469
773,25.7667,22.9343
774,25.8,23.0991
775,25.8333,23.0751
776,25.8667,23.5407
777,25.9,23.8187
778,25.9333,23.1555
779,25.9667,22.8117
780,26.0,22.3056
781,26.0333,22.337
782,26.0667,22.2531
783,26.1,21.7893
784,26.1333,21.8607
785,26.1667,21.2544
786,26.2,21.2625
787,26.2333,21.2553
788,26.2667,21.312
789,26.3,21.0264
790,26.3333,21.1292
791,26.3667,20.8447
792,26.4,20.946
793,26.4333,20.9289
794,26.4667,20.9879
795,26.5,21.0818
796,26.5333,21.0972
797,26.5667,21.4182
798,26.6,21.3806
799,26.6333,21.3155
800,26.6667,21.7177
801,26.7,21.4542
802,26.7333,21.5775
803,26.7667,21.5573
804,26.8,21.3541
805,26.8333,21.575
806,26.8667,21.5797
807,26.9,21.6239
808,26.9333,21.8102
809,26.9667,21.6106
810,27.0,21.6761
811,27.0333,21.7924
812,27.0667,21.9323
813,27.1,21.7853
814,27.1333,21.9913
815,27.1667,21.9824
816,27.2,22.3371
817,27.2333,22.2911
818,27.2667,22.2322
819,27.3,22.3132
820,27.3333,22.3516
821,27.3667,22.5635
822,27.4,22.6594
823,27.4333,22.549
824,27.4667,22.3724
825,27.5,22.508
826,27.5333,22.4673
827,27.5667,22.6742
828,27.6,23.6539
829,27.6333,23.67
830,27.6667,23.85
831,27.7,24.1255
832,27.7333,23.8813
833,27.7667,23.7505
834,27.8,23.7402
835,27.8333,23.538
836,27.8667,23.5915
837,27.9,23.523
838,27.9333,23.5643
839,27.9667,23.5227
840,28.0,21.798
841,28.0333,24.7168
842,28.0667,25.2393
843,28.1,25.201
844,28.1333,24.5646
845,28.1667,24.7687
846,28.2,24.4713
847,28.2333,24.4083
848,28.2667,23.2934
849,28.3,22.5008
850,28.3333,22.6533
851,28.3667,23.7995
852,28.4,25.2357
853,28.4333,25.1548
854,28.4667,25.1108
855,28.5,25.0599
856,28.5333,25.5358
857,28.5667,25.4858
858,28.6,25.4373
859,28.6333,25.388
860,28.6667,25.3914
861,28.7,24.5852
862,28.7333,24.1931
863,28.7667,24.1511
864,28.8,23.8484
865,28.8333,23.8013
866,28.8667,23.4332
867,28.9,23.4655
868,28.9333,23.3639
869,28.9667,23.4409
870,29.0,23.3154
871,29.0333,23.3845
872,29.0667,23.1957
873,29.1,23.3538
874,29.1333,23.2628
875,29.1667,23.105
876,29.2,23.3127
877,29.2333,23.2705
878,29.2667,23.4637
879,29.3,23.4124
880,29.3333,23.4877
881,29.3667,23.4228
882,29.4,23.2995
883,29.4333,23.4406
884,29.4667,23.2252
885,29.5,23.4021
886,29.5333,23.5512
887,29.5667,23.4349
888,29.6,22.9213
889,29.6333,23.1898
890,29.6667,23.2969
891,29.7,23.1952
892,29.7333,23.3332
893,29.7667,23.3228
894,29.8,23.3699
895,29.8333,23.3206
896,29.8667,23.6137
897,29.9,23.7813
898,29.9333,23.7821
899,29.9667,24.0317
900,30.0,24.0152
901,30.0333,23.9367
902,30.0667,23.9617
903,30.1,23.9868
904,30.1333,24.0815
905,30.1667,24.0061
906,30.2,23.8525
907,30.2333,23.9154
908,30.2667,24.037
909,30.3,24.1431
910,30.3333,24.0467
911,30.3667,23.9803
912,30.4,24.2126
913,30.4333,23.9714
914,30.4667,23.8972
915,30.5,24.0635
916,30.5333,23.906
917,30.5667,23.9062
918,30.6,23.8659
919,30.6333,23.9078
920,30.6667,23.9458
921,30.7,24.0496
922,30.7333,24.0321
923,30.7667,24.0299
924,30.8,23.9519
925,30.8333,24.0385
926,30.8667,24.0051
927,30.9,24.2108
928,30.9333,24.2374
929,30.9667,24.1953
930,31.0,24.1359
931,31.0333,24.0731
932,31.0667,24.6455
933,31.1,23.2008
934,31.1333,23.0156
935,31.1667,24.4089
936,31.2,23.8027
937,31.2333,23.7921
938,31.2667,24.3582
939,31.3,24.4148
940,31.3333,24.9484
941,31.3667,24.7465
942,31.4,24.964
943,31.4333,24.9058
944,31.4667,24.9558
945,31.5,24.9352
946,31.5333,25.0341
947,31.5667,24.7969
948,31.6,24.6061
949,31.6333,24.5014
950,31.6667,24.2583
951,31.7,23.9794
952,31.7333,23.9924
953,31.7667,23.7897
954,31.8,23.7554
955,31.8333,23.7604
956,31.8667,23.644
957,31.9,23.5921
958,31.9333,23.7448
959,31.9667,23.7284
960,32.0,23.637
961,32.0333,23.4597
962,32.0667,23.3214
963,32.1,23.5474
964,32.1333,23.5032
965,32.1667,23.3233
966,32.2,23.0419
967,32.2333,22.4822
968,32.2667,22.5467
969,32.3,21.9833
970,32.3333,21.8246
971,32.3667,21.342
972,32.4,20.7324
973,32.4333,20.559
974,32.4667,20.505
975,32.5,20.4954
976,32.5333,20.3977
977,32.5667,20.3087
978,32.6,20.2989
979,32.6333,20.2318
980,32.6667,20.244
981,32.7,20.157
982,32.7333,20.2264
983,32.7667,20.2302
984,32.8,20.0811
985,32.8333,20.0624
986,32.8667,20.0905
987,32.9,20.1467
988,32.9333,20.1869
989,32.9667,20.1521
990,33.0,20.1449
991,33.0333,20.2137
992,33.0667,20.1956
993,33.1,20.2074
994,33.1333,20.1416
995,33.1667,20.1051
996,33.2,19.9485
997,33.2333,19.9951
998,33.2667,20.0749
999,33.3,20.0353
1000,33.3333,20.0822
1001,33.3667,20.0906
1002,33.4,20.0136
1003,33.4333,19.9982
1004,33.4667,20.0049
1005,33.5,20.0407
1006,33.5333,20.0074
1007,33.5667,20.009
1008,33.6,19.9866
1009,33.6333,19.8899
1010,33.6667,19.8955
1011,33.7,19.9258
1012,33.7333,20.0088
1013,33.7667,19.9944
1014,33.8,20.0025
1015,33.8333,19.9251
1016,33.8667,19.9719
1017,33.9,20.0088
1018,33.9333,20.0474
1019,33.9667,20.041
1020,34.0,20.0927
1021,34.0333,20.0902
1022,34.0667,20.1295
1023,34.1,25.9481
1024,34.1333,25.8622
1025,34.1667,25.0456
1026,34.2,24.9559
1027,34.2333,21.7473
1028,34.2667,21.837
1029,34.3,20.3495
1030,34.3333,20.3532
1031,34.3667,19.9594
1032,34.4,20.1636
1033,34.4333,20.1034
1034,34.4667,20.0796
1035,34.5,20.0629
1036,34.5333,20.4528
1037,34.5667,20.3014
1038,34.6,20.3114
1039,34.6333,20.309
1040,34.6667,20.409
1041,34.7,20.3869
1042,34.7333,20.3122
1043,34.7667,20.2153
1044,34.8,20.4061
1045,34.8333,20.323
1046,34.8667,20.2348
1047,34.9,20.1525
1048,34.9333,20.2124
1049,34.9667,20.0882
1050,35.0,20.0309
1051,35.0333,20.0445
1052,35.0667,20.0956
1053,35.1,20.0138
1054,35.1333,19.9799
1055,35.1667,19.8573
1056,35.2,20.2771
1057,35.2333,20.2327
1058,35.2667,20.1408
1059,35.3,20.1782
1060,35.3333,20.2594
1061,35.3667,20.2436
1062,35.4,20.1137
1063,35.4333,20.1898
1064,35.4667,20.1612
1065,35.5,20.2238
1066,35.5333,20.2215
1067,35.5667,20.2503
1068,35.6,20.1485
1069,35.6333,20.1093
1070,35.6667,20.0983
1071,35.7,20.1011
1072,35.7333,20.053
1073,35.7667,19.9824
1074,35.8,19.9497
1075,35.8333,20.0031
1076,35.8667,19.9704
1077,35.9,19.9262
1078,35.9333,19.9351
1079,35.9667,19.9383
1080,36.0,20.0888
1081,36.0333,20.08
1082,36.0667,20.0556
1083,36.1,20.018
1084,36.1333,20.1911
1085,36.1667,20.1657
1086,36.2,20.2022
1087,36.2333,20.2495
1088,36.2667,20.2183
1089,36.3,20.1378
1090,36.3333,20.2605
1091,36.3667,20.3899
1092,36.4,20.5403
1093,36.4333,20.3801
1094,36.4667,20.3369
1095,36.5,20.4138
1096,36.5333,20.4995
1097,36.5667,20.6932
1098,36.6,20.4557
1099,36.6333,20.556
1100,36.6667,20.6869
1101,36.7,20.7535
1102,36.7333,20.7524
1103,36.7667,21.1346
1104,36.8,22.4473
1105,36.8333,22.2855
1106,36.8667,22.1962
1107,36.9,24.826
1108,36.9333,24.3369
1109,36.9667,22.1606
1110,37.0,22.1594
1111,37.0333,21.5731
1112,37.0667,22.042
1113,37.1,22.2849
1114,37.1333,21.6692
1115,37.1667,22.522
1116,37.2,23.2101
1117,37.2333,22.8749
1118,37.2667,22.8542
1119,37.3,22.8797
1120,37.3333,22.7478
1121,37.3667,22.1295
1122,37.4,21.7221
1123,37.4333,21.2379
1124,37.4667,21.236
1125,37.5,21.111
1126,37.5333,21.0865
1127,37.5667,20.8192
1128,37.6,20.8798
1129,37.6333,20.7613
1130,37.6667,20.834
1131,37.7,20.7894
1132,37.7333,20.8402
1133,37.7667,20.83
1134,37.8,20.7617
1135,37.8333,20.7051
1136,37.8667,20.7258
1137,37.9,20.7909
1138,37.9333,20.7527
1139,37.9667,20.6397
1140,38.0,20.729
1141,38.0333,20.7546
1142,38.0667,20.8526
1143,38.1,20.8981
1144,38.1333,21.2356
1145,38.1667,21.2118
1146,38.2,21.1368
1147,38.2333,21.2621
1148,38.2667,21.1488
1149,38.3,21.1297
1150,38.3333,21.1164
1151,38.3667,21.1133
1152,38.4,20.9834
1153,38.4333,21.0329
1154,38.4667,21.1403
1155,38.5,21.1168
1156,38.5333,21.1783
1157,38.5667,21.1581
1158,38.6,21.1808
1159,38.6333,21.258
1160,38.6667,21.2112
1161,38.7,20.868
1162,38.7333,20.8108
1163,38.7667,20.8194
1164,38.8,20.7838
1165,38.8333,21.0074
1166,38.8667,21.0988
1167,38.9,21.1072
1168,38.9333,21.1204
1169,38.9667,21.1559
1170,39.0,21.2206
1171,39.0333,21.334
1172,39.0667,21.337
1173,39.1,21.2911
1174,39.1333,21.4443
1175,39.1667,21.3733
1176,39.2,21.5361
1177,39.2333,21.5441
1178,39.2667,21.7254
1179,39.3,21.9469
1180,39.3333,22.1079
1181,39.3667,21.9439
1182,39.4,21.9593
1183,39.4333,22.0982
1184,39.4667,22.2985
1185,39.5,22.476
1186,39.5333,22.4294
1187,39.5667,22.4499
1188,39.6,22.4976
1189,39.6333,22.3953
1190,39.6667,22.529
1191,39.7,22.5214
1192,39.7333,22.2946
1193,39.7667,22.3061
1194,39.8,22.6144
1195,39.8333,22.5902
1196,39.8667,22.7398
1197,39.9,22.69
1198,39.9333,22.766
1199,39.9667,23.0034
1200,40.0,23.7239
1201,40.0333,23.7418
1202,40.0667,23.686
1203,40.1,23.69
1204,40.1333,23.5791
1205,40.1667,23.4461
1206,40.2,23.462
1207,40.2333,23.2954
1208,40.2667,23.5086
1209,40.3,23.3651
1210,40.3333,23.143
1211,40.3667,23.1851
1212,40.4,23.2407
1213,40.4333,23.2659
1214,40.4667,23.2178
1215,40.5,23.3759
1216,40.5333,23.1825
1217,40.5667,23.0641
1218,40.6,23.3714
1219,40.6333,23.9931
1220,40.6667,22.0569
1221,40.7,24.789
1222,40.7333,24.8277
1223,40.7667,24.3134
1224,40.8,24.1625
1225,40.8333,24.4029
1226,40.8667,22.2394
1227,40.9,23.034
1228,40.9333,23.9496
1229,40.9667,23.7191
1230,41.0,24.4224
1231,41.0333,24.1004
1232,41.0667,24.2404
1233,41.1,24.4947
1234,41.1333,24.2579
1235,41.1667,24.238
1236,41.2,24.3819
1237,41.2333,24.5498
1238,41.2667,23.7955
1239,41.3,23.9956
1240,41.3333,23.5249
1241,41.3667,23.502
1242,41.4,23.2811
1243,41.4333,23.2119
1244,41.4667,23.2746
1245,41.5,23.131
1246,41.5333,23.2606
1247,41.5667,23.4245
1248,41.6,23.624
1249,41.6333,23.8328
1250,41.6667,23.9466
1251,41.7,24.0041
1252,41.7333,23.9379
1253,41.7667,24.0599
1254,41.8,23.9552
1255,41.8333,24.3181
1256,41.8667,24.2539
1257,41.9,24.2593
1258,41.9333,24.3401
1259,41.9667,24.4507
1260,42.0,24.8529
1261,42.0333,24.6589
1262,42.0667,24.3536
1263,42.1,24.114
1264,42.1333,24.2286
1265,42.1667,24.1661
1266,42.2,23.9711
1267,42.2333,23.8914
1268,42.2667,23.975
1269,42.3,24.0554
1270,42.3333,23.946
1271,42.3667,24.0025
1272,42.4,23.6739
1273,42.4333,23.5268
1274,42.4667,23.523
1275,42.5,23.4697
1276,42.5333,23.5923
1277,42.5667,23.5117
1278,42.6,23.4518
1279,42.6333,23.5452
1280,42.6667,23.9241
1281,42.7,23.7168
1282,42.7333,23.7124
1283,42.7667,23.8511
1284,42.8,24.1511
1285,42.8333,24.1077
1286,42.8667,24.1292
1287,42.9,24.2594
1288,42.9333,24.4819
1289,42.9667,24.5732
1290,43.0,24.4729
1291,43.0333,24.5811
1292,43.0667,24.8271
1293,43.1,24.7994
1294,43.1333,24.6965
1295,43.1667,24.6792
1296,43.2,24.492
1297,43.2333,24.4319
1298,43.2667,24.3253
1299,43.3,24.4474
1300,43.3333,24.3454
1301,43.3667,24.135
1302,43.4,23.8676
1303,43.4333,23.5706
1304,43.4667,23.3978
1305,43.5,23.2352
1306,43.5333,23.118
1307,43.5667,23.0291
1308,43.6,23.5156
1309,43.6333,23.5493
1310,43.6667,23.487
1311,43.7,23.5127
1312,43.7333,23.659
1313,43.7667,23.788
1314,43.8,23.9867
1315,43.8333,24.0529
1316,43.8667,24.5657
1317,43.9,24.4638
1318,43.9333,24.465
1319,43.9667,24.5399
1320,44.0,24.8673
1321,44.0333,24.6365
1322,44.0667,24.4229
1323,44.1,24.2377
1324,44.1333,24.2109
1325,44.1667,23.9676
1326,44.2,23.933
1327,44.2333,23.904
1328,44.2667,23.7481
1329,44.3,23.797
1330,44.3333,23.6917
1331,44.3667,23.6998
1332,44.4,23.6071
1333,44.4333,23.6708
1334,44.4667,23.8008
1335,44.5,23.8823
1336,44.5333,23.9434
1337,44.5667,23.8696
1338,44.6,23.7045
1339,44.6333,23.8204
1340,44.6667,23.8646
1341,44.7,23.912
1342,44.7333,23.5936
1343,44.7667,23.5949
1344,44.8,23.3654
1345,44.8333,23.055
1346,44.8667,23.1643
1347,44.9,22.982
1348,44.9333,22.9617
1349,44.9667,22.9463
1350,45.0,22.9401
1351,45.0333,22.9251
1352,45.0667,22.9332
1353,45.1,22.9044
1354,45.1333,22.9011
1355,45.1667,20.5048
1356,45.2,20.6556
1357,45.2333,20.3895
1358,45.2667,20.3588
1359,45.3,20.37
1360,45.3333,20.3528
1361,45.3667,20.3641
1362,45.4,20.371
1363,45.4333,20.4211
1364,45.4667,20.4501
1365,45.5,20.4248
1366,45.5333,20.4577
1367,45.5667,20.4597
1368,45.6,20.4249
1369,45.6333,20.4312
1370,45.6667,20.4409
1371,45.7,20.591
1372,45.7333,20.6391
1373,45.7667,20.6749
1374,45.8,20.6354
1375,45.8333,20.6952
1376,45.8667,20.8747
1377,45.9,20.7799
1378,45.9333,20.8007
1379,45.9667,20.8014
1380,46.0,20.8221
1381,46.0333,20.7575
1382,46.0667,20.7875
1383,46.1,20.8869
1384,46.1333,20.9472
1385,46.1667,20.9185
1386,46.2,20.9871
1387,46.2333,20.9871
1388,46.2667,21.063
1389,46.3,21.0851
1390,46.3333,21.1632
1391,46.3667,21.2572
1392,46.4,20.9136
1393,46.4333,21.0563
1394,46.4667,20.9046
1395,46.5,20.894
1396,46.5333,20.7855
1397,46.5667,21.1345
1398,46.6,21.2946
1399,46.6333,21.3104
1400,46.6667,21.2492
1401,46.7,21.1274
1402,46.7333,21.061
1403,46.7667,21.067
1404,46.8,21.2072
1405,46.8333,21.211
1406,46.8667,21.0753
1407,46.9,20.9467
1408,46.9333,21.0063
1409,46.9667,21.1492
1410,47.0,21.2762
1411,47.0333,21.4023
1412,47.0667,21.5911
1413,47.1,21.331
1414,47.1333,21.398
1415,47.1667,21.4482
1416,47.2,22.0514
1417,47.2333,22.0057
1418,47.2667,22.0101
1419,47.3,22.3083
1420,47.3333,22.3485
1421,47.3667,23.0751
1422,47.4,21.4975
1423,47.4333,21.7067
1424,47.4667,24.672
1425,47.5,24.7
1426,47.5333,24.8236
1427,47.5667,24.8907
1428,47.6,24.8506
1429,47.6333,25.036
1430,47.6667,25.0764
1431,47.7,21.6132
1432,47.7333,22.825
1433,47.7667,23.8622
1434,47.8,23.8662
1435,47.8333,23.581
1436,47.8667,23.8762
1437,47.9,23.9249
1438,47.9333,24.0556
1439,47.9667,24.0238
1440,48.0,23.8329
1441,48.0333,23.5718
1442,48.0667,23.0916
1443,48.1,23.1212
1444,48.1333,22.6447
1445,48.1667,22.2239
1446,48.2,22.0759
1447,48.2333,21.6506
1448,48.2667,21.54
1449,48.3,21.4052
1450,48.3333,21.1185
1451,48.3667,21.1518
1452,48.4,21.4131
1453,48.4333,21.4409
1454,48.4667,21.4739
1455,48.5,21.6231
1456,48.5333,21.6875
1457,48.5667,21.6733
1458,48.6,21.5486
1459,48.6333,21.8044
1460,48.6667,21.9519
1461,48.7,22.0226
1462,48.7333,22.2528
1463,48.7667,22.2907
1464,48.8,22.3361
1465,48.8333,22.4842
1466,48.8667,21.8367
1467,48.9,21.8834
1468,48.9333,22.0854
1469,48.9667,21.9606
1470,49.0,21.9068
1471,49.0333,21.8745
1472,49.0667,21.9498
1473,49.1,21.4971
1474,49.1333,21.497
1475,49.1667,21.4182
1476,49.2,21.3766
1477,49.2333,21.4538
1478,49.2667,21.507
1479,49.3,21.4538
1480,49.3333,21.2524
1481,49.3667,21.1208
1482,49.4,21.1449
1483,49.4333,21.1485
1484,49.4667,21.0989
1485,49.5,21.0739
1486,49.5333,21.1554
1487,49.5667,21.1213
1488,49.6,21.5541
1489,49.6333,21.565
1490,49.6667,21.5931
1491,49.7,21.6192
1492,49.7333,21.7778
1493,49.7667,21.7545
1494,49.8,21.6662
1495,49.8333,21.6779
1496,49.8667,21.8447
1497,49.9,21.8651
1498,49.9333,21.7702
1499,49.9667,21.7835
1500,50.0,21.6325
1501,50.0333,21.7313
1502,50.0667,21.4995
1503,50.1,21.6335
1504,50.1333,21.7893
1505,50.1667,21.8432
1506,50.2,21.8669
1507,50.2333,21.9316
1508,50.2667,22.0807
1509,50.3,21.9462
1510,50.3333,21.9966
1511,50.3667,21.935
1512,50.4,21.8899
1513,50.4333,21.6226
1514,50.4667,21.6642
1515,50.5,21.8948
1516,50.5333,22.0274
1517,50.5667,22.0182
1518,50.6,22.0019
1519,50.6333,21.9017
1520,50.6667,21.6894
1521,50.7,21.8518
1522,50.7333,21.8767
1523,50.7667,21.8139
1524,50.8,21.0425
1525,50.8333,21.0548
1526,50.8667,21.1407
1527,50.9,21.0832
1528,50.9333,21.2143
1529,50.9667,21.2163
1530,51.0,21.2642
1531,51.0333,21.2297
1532,51.0667,21.3865
1533,51.1,21.3541
1534,51.1333,21.3314
1535,51.1667,21.3779
1536,51.2,21.6844
1537,51.2333,22.3462
1538,51.2667,22.3174
1539,51.3,22.2239
1540,51.3333,22.2416
1541,51.3667,22.2856
1542,51.4,22.383
1543,51.4333,22.5025
1544,51.4667,22.1841
1545,51.5,21.3764
1546,51.5333,21.3496
1547,51.5667,21.0356
1548,51.6,21.1905
1549,51.6333,21.0425
1550,51.6667,21.1121
1551,51.7,21.0645
1552,51.7333,21.1487
1553,51.7667,21.0127
1554,51.8,21.0512
1555,51.8333,21.1016
1556,51.8667,21.1357
1557,51.9,21.0382
1558,51.9333,21.0779
1559,51.9667,21.1345
1560,52.0,20.9502
1561,52.0333,20.9823
1562,52.0667,20.9947
1563,52.1,21.0191
1564,52.1333,21.0952
1565,52.1667,21.0816
1566,52.2,21.1173
1567,52.2333,21.2043
1568,52.2667,21.373
1569,52.3,21.3753
1570,52.3333,21.2667
1571,52.3667,21.4426
1572,52.4,21.5932
1573,52.4333,21.5811
1574,52.4667,21.5155
1575,52.5,21.5819
1576,52.5333,21.6995
1577,52.5667,21.9431
1578,52.6,21.7938
1579,52.6333,21.7248
1580,52.6667,21.8923
1581,52.7,21.8584
1582,52.7333,22.0785
1583,52.7667,21.7631
1584,52.8,21.7712
1585,52.8333,21.77
1586,52.8667,21.6611
1587,52.9,21.5313
1588,52.9333,21.4423
1589,52.9667,21.2283
1590,53.0,21.1283
1591,53.0333,21.1731
1592,53.0667,21.0023
1593,53.1,20.8902
1594,53.1333,21.0218
1595,53.1667,20.9716
1596,53.2,21.0474
1597,53.2333,21.0615
1598,53.2667,20.8703
1599,53.3,20.833
1600,53.3333,20.9638
1601,53.3667,20.7887
1602,53.4,20.9345
1603,53.4333,20.9993
1604,53.4667,20.9845
1605,53.5,20.882
1606,53.5333,20.8685
1607,53.5667,20.9205
1608,53.6,21.4581
1609,53.6333,21.5265
1610,53.6667,21.6161
1611,53.7,21.6774
1612,53.7333,21.7968
1613,53.7667,21.8026
1614,53.8,21.9023
1615,53.8333,21.9209
1616,53.8667,21.9776
1617,53.9,22.1283
1618,53.9333,21.9931
1619,53.9667,22.0082
1620,54.0,21.9039
1621,54.0333,21.972
1622,54.0667,22.0065
1623,54.1,22.222
1624,54.1333,22.2423
1625,54.1667,22.4476
1626,54.2,22.147
1627,54.2333,22.2151
1628,54.2667,22.4472
1629,54.3,22.7045
1630,54.3333,22.7519
1631,54.3667,22.6396
1632,54.4,22.0349
1633,54.4333,23.8252
1634,54.4667,23.7994
1635,54.5,22.2482
1636,54.5333,22.354
1637,54.5667,21.7783
1638,54.6,22.2417
1639,54.6333,23.0209
1640,54.6667,22.8062
1641,54.7,22.9695
1642,54.7333,22.9774
1643,54.7667,22.7873
1644,54.8,23.3817
1645,54.8333,23.3022
1646,54.8667,23.2933
1647,54.9,23.8777
1648,54.9333,23.9376
1649,54.9667,23.2419
1650,55.0,23.2984
1651,55.0333,22.9205
1652,55.0667,22.5156
1653,55.1,22.2495
1654,55.1333,21.5146
1655,55.1667,21.9304
1656,55.2,21.4069
1657,55.2333,21.4331
1658,55.2667,21.3268
1659,55.3,21.3085
1660,55.3333,21.3853
1661,55.3667,21.46
1662,55.4,21.5096
1663,55.4333,21.7379
1664,55.4667,22.017
1665,55.5,21.9982
1666,55.5333,22.2099
1667,55.5667,22.1665
1668,55.6,22.4137
1669,55.6333,22.2848
1670,55.6667,22.1809
1671,55.7,22.2898
1672,55.7333,22.405
1673,55.7667,22.096
1674,55.8,22.1218
1675,55.8333,22.0198
1676,55.8667,22.0408
1677,55.9,21.7179
1678,55.9333,21.5565
1679,55.9667,21.5009
1680,56.0,21.8839
1681,56.0333,21.9334
1682,56.0667,22.0569
1683,56.1,22.0362
1684,56.1333,22.0372
1685,56.1667,22.1534
1686,56.2,22.3434
1687,56.2333,22.1829
1688,56.2667,22.2878
1689,56.3,22.3848
1690,56.3333,22.2516
1691,56.3667,22.2379
1692,56.4,22.6773
1693,56.4333,22.6728
1694,56.4667,22.8186
1695,56.5,22.7475
1696,56.5333,23.1032
1697,56.5667,23.0348
1698,56.6,23.0119
1699,56.6333,23.0989
1700,56.6667,23.0889
1701,56.7,22.8317
1702,56.7333,22.936
1703,56.7667,22.6652
1704,56.8,22.1637
1705,56.8333,22.2631
1706,56.8667,22.6606
1707,56.9,22.5553
1708,56.9333,22.5113
1709,56.9667,22.5441
1710,57.0,22.7354
1711,57.0333,22.6914
1712,57.0667,22.8316
1713,57.1,22.7541
1714,57.1333,22.7758
1715,57.1667,22.7981
1716,57.2,23.1223
1717,57.2333,23.0129
1718,57.2667,23.1838
1719,57.3,23.0123
1720,57.3333,22.7315
1721,57.3667,22.8118
1722,57.4,22.7855
1723,57.4333,22.8142
1724,57.4667,22.6278
1725,57.5,22.5861
1726,57.5333,22.4494
1727,57.5667,22.7911
1728,57.6,22.8401
1729,57.6333,22.842
1730,57.6667,22.841
1731,57.7,22.9594
1732,57.7333,22.8999
1733,57.7667,22.4077
1734,57.8,22.1488
1735,57.8333,21.8556
1736,57.8667,21.6304
1737,57.9,20.8075
1738,57.9333,20.7296
1739,57.9667,20.6866
1740,58.0,20.761
1741,58.0333,20.5674
1742,58.0667,20.4801
1743,58.1,20.3599
1744,58.1333,20.3694
1745,58.1667,20.2997
1746,58.2,20.2698
1747,58.2333,20.2581
1748,58.2667,20.2813
1749,58.3,20.2382
1750,58.3333,20.2879
1751,58.3667,20.2997
1752,58.4,20.2525
1753,58.4333,20.231
1754,58.4667,20.1697
1755,58.5,20.1895
1756,58.5333,20.2015
1757,58.5667,20.1523
1758,58.6,20.1379
1759,58.6333,20.1466
1760,58.6667,20.2067
1761,58.7,20.2483
1762,58.7333,20.2246
1763,58.7667,20.2415
1764,58.8,20.4477
1765,58.8333,20.5195
1766,58.8667,20.4629
1767,58.9,20.3851
1768,58.9333,20.4971
1769,58.9667,20.425
1770,59.0,20.3669
1771,59.0333,20.3222
1772,59.0667,20.309
1773,59.1,20.4366
1774,59.1333,20.4174
1775,59.1667,20.3741
1776,59.2,20.3671
1777,59.2333,20.3411
1778,59.2667,20.3511
1779,59.3,20.3182
1780,59.3333,20.33
1781,59.3667,20.3272
1782,59.4,20.2994
1783,59.4333,20.2572
1784,59.4667,20.2773
1785,59.5,20.2517
1786,59.5333,20.2992
1787,59.5667,20.2548
1788,59.6,20.2963
1789,59.6333,20.2999
1790,59.6667,20.3202
1791,59.7,20.2514
1792,59.7333,20.3724
1793,59.7667,20.3428
1794,59.8,20.3502
1795,59.8333,20.3308
1796,59.8667,20.3316
1797,59.9,20.326
1798,59.9333,20.3803
1799,59.9667,20.3388
1800,60.0,20.2992
1801,60.0333,20.2573
1802,60.0667,20.2826
1803,60.1,20.238
1804,60.1333,20.2954
1805,60.1667,20.2819
1806,60.2,20.2896
1807,60.2333,20.2704
1808,60.2667,20.2773
1809,60.3,20.3334
1810,60.3333,20.3599
1811,60.3667,20.3835
1812,60.4,20.4557
1813,60.4333,20.4343
1814,60.4667,20.4387
1815,60.5,20.4348
1816,60.5333,20.405
1817,60.5667,20.4115
1818,60.6,20.4188
1819,60.6333,20.4574
1820,60.6667,20.4536
1821,60.7,20.531
1822,60.7333,20.3954
1823,60.7667,20.4419
1824,60.8,20.6829
1825,60.8333,20.5756
1826,60.8667,20.5999
1827,60.9,20.6474
1828,60.9333,20.6326
1829,60.9667,20.7304
1830,61.0,20.782
1831,61.0333,20.7795
1832,61.0667,20.887
1833,61.1,21.2658
1834,61.1333,21.3224
1835,61.1667,25.6798
1836,61.2,24.4309
1837,61.2333,24.4705
1838,61.2667,24.5232
1839,61.3,24.2056
1840,61.3333,22.0727
1841,61.3667,22.0333
1842,61.4,21.5753
1843,61.4333,21.2185
1844,61.4667,21.1443
1845,61.5,21.2608
1846,61.5333,21.2974
1847,61.5667,21.6148
1848,61.6,21.8038
1849,61.6333,21.3558
1850,61.6667,21.1963
1851,61.7,21.2195
1852,61.7333,21.556
1853,61.7667,20.8313
1854,61.8,20.5843
1855,61.8333,20.6376
1856,61.8667,20.8225
1857,61.9,20.7296
1858,61.9333,20.6324
1859,61.9667,20.603
1860,62.0,20.4346
1861,62.0333,20.4132
1862,62.0667,20.4293
1863,62.1,20.4313
1864,62.1333,20.3876
1865,62.1667,20.4918
1866,62.2,20.5082
1867,62.2333,20.4006
1868,62.2667,20.4139
1869,62.3,20.4767
1870,62.3333,20.5007
1871,62.3667,20.4867
1872,62.4,20.4635
1873,62.4333,20.4762
1874,62.4667,20.4989
1875,62.5,20.5166
1876,62.5333,20.5841
1877,62.5667,20.6138
1878,62.6,20.5314
1879,62.6333,20.5516
1880,62.6667,20.4373
1881,62.7,20.429
1882,62.7333,20.4519
1883,62.7667,20.4695
1884,62.8,20.5726
1885,62.8333,20.5367
1886,62.8667,20.5245
1887,62.9,20.5295
1888,62.9333,20.5826
1889,62.9667,20.6127
1890,63.0,20.57
1891,63.0333,20.6188
1892,63.0667,20.6537
1893,63.1,20.6633
1894,63.1333,20.6025
1895,63.1667,20.6412
1896,63.2,20.6859
1897,63.2333,20.6687
1898,63.2667,20.8981
1899,63.3,20.7433
1900,63.3333,20.7986
1901,63.3667,20.7776
1902,63.4,20.8221
1903,63.4333,20.766
1904,63.4667,20.7111
1905,63.5,20.603
1906,63.5333,20.5292
1907,63.5667,20.5179
1908,63.6,20.6481
1909,63.6333,20.5993
1910,63.6667,20.6274
1911,63.7,20.5676
1912,63.7333,20.5706
1913,63.7667,20.608
1914,63.8,20.5909
1915,63.8333,20.6027
1916,63.8667,20.5893
1917,63.9,20.5705
1918,63.9333,20.5624
1919,63.9667,20.6372
1920,64.0,21.2783
1921,64.0333,21.2474
1922,64.0667,21.1122
1923,64.1,21.3267
1924,64.1333,21.16
1925,64.1667,21.2767
1926,64.2,21.2715
1927,64.2333,21.2642
1928,64.2667,21.5048
1929,64.3,21.3585
1930,64.3333,21.3026
1931,64.3667,21.3126
1932,64.4,20.8894
1933,64.4333,20.8605
1934,64.4667,20.9045
1935,64.5,20.9133
1936,64.5333,21.1737
1937,64.5667,21.2054
1938,64.6,21.3575
1939,64.6333,21.5082
1940,64.6667,21.7318
1941,64.7,21.7614
1942,64.7333,22.0676
1943,64.7667,22.171
1944,64.8,23.3545
1945,64.8333,23.5241
1946,64.8667,23.6185
1947,64.9,23.8092
1948,64.9333,24.0046
1949,64.9667,23.9139
1950,65.0,23.9904
1951,65.0333,23.9845
1952,65.0667,24.1105
1953,65.1,24.0705
1954,65.1333,24.1524
1955,65.1667,24.1993
1956,65.2,24.1531
1957,65.2333,24.0684
1958,65.2667,24.134
1959,65.3,24.115
1960,65.3333,24.1351
1961,65.3667,24.291
1962,65.4,24.2038
1963,65.4333,24.1049
1964,65.4667,24.2316
1965,65.5,24.135
1966,65.5333,24.2229
1967,65.5667,24.0726
1968,65.6,23.9962
1969,65.6333,23.987
1970,65.6667,24.0539
1971,65.7,24.0697
1972,65.7333,23.9287
1973,65.7667,24.0821
1974,65.8,24.0265
1975,65.8333,23.9448
1976,65.8667,24.3747
1977,65.9,24.4355
1978,65.9333,24.5199
1979,65.9667,24.4505
1980,66.0,25.1357
1981,66.0333,25.1102
1982,66.0667,25.1349
1983,66.1,25.1651
1984,66.1333,25.2014
1985,66.1667,24.7306
1986,66.2,24.4424
1987,66.2333,24.0692
1988,66.2667,23.8835
1989,66.3,23.5551
1990,66.3333,23.5445
1991,66.3667,23.5224
1992,66.4,22.9255
1993,66.4333,22.7766
1994,66.4667,22.8874
1995,66.5,23.0096
1996,66.5333,23.0109
1997,66.5667,23.0034
1998,66.6,23.1974
1999,66.6333,23.2608
2000,66.6667,23.361
2001,66.7,23.4154
2002,66.7333,23.4316
2003,66.7667,23.4294
2004,66.8,23.9377
2005,66.8333,23.9685
2006,66.8667,23.851
2007,66.9,23.7863
2008,66.9333,23.8452
2009,66.9667,23.8223
2010,67.0,23.8418
2011,67.0333,23.849
2012,67.0667,23.9379
2013,67.1,23.8106
2014,67.1333,23.8446
2015,67.1667,23.882
2016,67.2,23.7569
2017,67.2333,23.5523
2018,67.2667,23.4976
2019,67.3,23.5294
2020,67.3333,23.5948
2021,67.3667,23.5152
2022,67.4,23.5844
2023,67.4333,23.6337
2024,67.4667,23.6895
2025,67.5,23.4039
2026,67.5333,23.4486
2027,67.5667,23.3758
2028,67.6,23.6173
2029,67.6333,23.5808
2030,67.6667,23.2938
2031,67.7,23.1717
2032,67.7333,23.2502
2033,67.7667,23.1962
2034,67.8,23.2471
2035,67.8333,23.2006
2036,67.8667,23.0927
2037,67.9,23.1163
2038,67.9333,22.8236
2039,67.9667,22.7634
2040,68.0,22.9113
2041,68.0333,22.9654
2042,68.0667,22.9509
2043,68.1,22.9439
2044,68.1333,22.9674
2045,68.1667,22.8351
2046,68.2,23.09
2047,68.2333,23.2561
2048,68.2667,23.4561
2049,68.3,23.5362
2050,68.3333,23.6727
2051,68.3667,23.6555
2052,68.4,23.468
2053,68.4333,23.5851
2054,68.4667,23.6633
2055,68.5,23.7083
2056,68.5333,23.7747
2057,68.5667,23.6534
2058,68.6,23.7778
2059,68.6333,23.7992
2060,68.6667,23.8874
2061,68.7,23.8775
2062,68.7333,23.6953
2063,68.7667,23.7639
2064,68.8,24.1724
2065,68.8333,24.1652
2066,68.8667,24.1819
2067,68.9,24.1108
2068,68.9333,24.4713
2069,68.9667,24.4127
2070,69.0,24.4418
2071,69.0333,24.5174
2072,69.0667,24.338
2073,69.1,24.3263
2074,69.1333,24.4214
2075,69.1667,24.4723
2076,69.2,24.5749
2077,69.2333,24.4461
2078,69.2667,24.1335
2079,69.3,24.3148
2080,69.3333,23.8429
2081,69.3667,23.2062
2082,69.4,23.3225
2083,69.4333,23.5992
2084,69.4667,23.3569
2085,69.5,23.3795
2086,69.5333,23.3856
2087,69.5667,23.4698
2088,69.6,23.5886
2089,69.6333,23.4601
2090,69.6667,23.6526
2091,69.7,23.4865
2092,69.7333,23.8006
2093,69.7667,23.7813
2094,69.8,23.9789
2095,69.8333,24.0288
2096,69.8667,24.0978
2097,69.9,24.1239
2098,69.9333,24.3406
2099,69.9667,24.3726
2100,70.0,24.5554
2101,70.0333,24.5931
2102,70.0667,24.6024
2103,70.1,24.5789
2104,70.1333,24.7123
2105,70.1667,24.6524
2106,70.2,24.6754
2107,70.2333,24.6519
2108,70.2667,24.694
2109,70.3,24.6357
2110,70.3333,24.6365
2111,70.3667,24.6417
2112,70.4,24.7361
2113,70.4333,24.7424
2114,70.4667,24.6877
2115,70.5,24.3422
2116,70.5333,24.4058
2117,70.5667,24.5622
2118,70.6,24.8885
2119,70.6333,24.9443
2120,70.6667,25.0233
2121,70.7,24.9781
2122,70.7333,24.8924
2123,70.7667,24.7506
2124,70.8,24.9969
2125,70.8333,24.9002
2126,70.8667,25.0647
2127,70.9,25.2699
2128,70.9333,25.5935
2129,70.9667,25.938
2130,71.0,26.0325
2131,71.0333,26.028
2132,71.0667,26.3076
2133,71.1,26.2207
2134,71.1333,26.4283
2135,71.1667,26.379
2136,71.2,26.5138
2137,71.2333,26.5323
2138,71.2667,26.4082
2139,71.3,26.5069
2140,71.3333,26.8954
2141,71.3667,26.8598
2142,71.4,27.0109
2143,71.4333,27.1219
2144,71.4667,27.3704
2145,71.5,27.4477
2146,71.5333,27.5982
2147,71.5667,27.8128
2148,71.6,27.3813
2149,71.6333,27.4097
2150,71.6667,27.86
2151,71.7,27.9946
2152,71.7333,28.0663
2153,71.7667,27.9614
2154,71.8,27.9816
2155,71.8333,28.1159
2156,71.8667,28.1801
2157,71.9,28.2047
2158,71.9333,28.1514
2159,71.9667,28.8076
2160,72.0,29.2737
2161,72.0333,29.5611
2162,72.0667,29.6664
2163,72.1,29.5167
2164,72.1333,29.5473
2165,72.1667,29.5286
2166,72.2,29.5234
2167,72.2333,29.2441
2168,72.2667,29.3946
2169,72.3,29.273
2170,72.3333,29.533
2171,72.3667,29.4793
2172,72.4,29.3934
2173,72.4333,29.4915
2174,72.4667,29.4528
2175,72.5,29.2053
2176,72.5333,29.5228
2177,72.5667,29.7422
2178,72.6,29.7991
2179,72.6333,29.7191
2180,72.6667,30.2193
2181,72.7,30.1803
2182,72.7333,30.1695
2183,72.7667,30.2657
2184,72.8,30.3048
2185,72.8333,30.2551
2186,72.8667,30.0978
2187,72.9,30.2006
2188,72.9333,30.3347
2189,72.9667,30.3864
2190,73.0,30.4105
2191,73.0333,30.4944
2192,73.0667,30.3378
2193,73.1,30.443
2194,73.1333,30.5267
2195,73.1667,30.6542
2196,73.2,30.3909
2197,73.2333,30.5208
2198,73.2667,30.5497
2199,73.3,30.8706
2200,73.3333,30.7848
2201,73.3667,30.5772
2202,73.4,30.9613
2203,73.4333,31.0561
2204,73.4667,31.7226
2205,73.5,31.6779
2206,73.5333,31.5803
2207,73.5667,31.5262
2208,73.6,31.0376
2209,73.6333,31.3446
2210,73.6667,31.5012
2211,73.7,31.5403
2212,73.7333,31.7537
2213,73.7667,31.7859
2214,73.8,31.9188
2215,73.8333,31.8438
2216,73.8667,31.7872
2217,73.9,32.0689
2218,73.9333,32.0929
2219,73.9667,32.1281
2220,74.0,31.5359
2221,74.0333,31.4443
2222,74.0667,31.5839
2223,74.1,31.4837
2224,74.1333,31.225
2225,74.1667,31.2124
2226,74.2,31.2249
2227,74.2333,31.2501
2228,74.2667,31.348
2229,74.3,31.4671
2230,74.3333,31.4718
2231,74.3667,31.8911
2232,74.4,32.4345
2233,74.4333,32.1667
2234,74.4667,31.6869
2235,74.5,30.1823
2236,74.5333,22.733
2237,74.5667,24.2981
2238,74.6,24.2974
2239,74.6333,24.7147
2240,74.6667,24.6435
2241,74.7,25.2546
2242,74.7333,27.9054
2243,74.7667,29.0287
2244,74.8,29.1315
2245,74.8333,29.0672
2246,74.8667,30.5868
2247,74.9,30.6893
2248,74.9333,31.1391
2249,74.9667,31.6823
2250,75.0,31.1782
2251,75.0333,30.9132
2252,75.0667,30.8608
2253,75.1,30.9345
2254,75.1333,30.8663
2255,75.1667,30.9974
2256,75.2,32.0835
2257,75.2333,32.1377
2258,75.2667,31.8178
2259,75.3,32.1199
2260,75.3333,32.7863
2261,75.3667,32.8228
2262,75.4,32.8638
2263,75.4333,32.9411
2264,75.4667,33.1243
2265,75.5,33.1068
2266,75.5333,33.0508
2267,75.5667,33.3998
2268,75.6,34.4771
2269,75.6333,34.4571
2270,75.6667,34.2005
2271,75.7,34.0991
2272,75.7333,34.0779
2273,75.7667,33.8742
2274,75.8,33.9469
2275,75.8333,33.891
2276,75.8667,33.988
2277,75.9,34.0058
2278,75.9333,33.9215
2279,75.9667,33.9545
2280,76.0,32.793
2281,76.0333,32.7765
2282,76.0667,32.7936
2283,76.1,32.8449
2284,76.1333,32.6227
2285,76.1667,32.6991
2286,76.2,32.4173
2287,76.2333,32.4054
2288,76.2667,32.6928
2289,76.3,32.9241
2290,76.3333,32.8454
2291,76.3667,32.8685
2292,76.4,33.2663
2293,76.4333,33.5841
2294,76.4667,33.5744
2295,76.5,33.6933
2296,76.5333,33.8718
2297,76.5667,33.8429
2298,76.6,33.812
2299,76.6333,33.8085
2300,76.6667,33.839
2301,76.7,33.5178
2302,76.7333,33.6286
2303,76.7667,33.365
2304,76.8,33.1474
2305,76.8333,33.3859
2306,76.8667,32.9317
2307,76.9,32.8926
2308,76.9333,31.5206
2309,76.9667,31.5098
2310,77.0,32.007
2311,77.0333,32.3612
2312,77.0667,32.543
2313,77.1,32.2113
2314,77.1333,31.1206
2315,77.1667,31.6769
2316,77.2,31.413
2317,77.2333,31.0255
2318,77.2667,29.5958
2319,77.3,29.1298
2320,77.3333,27.6746
2321,77.3667,26.5216
2322,77.4,26.0619
2323,77.4333,25.4575
2324,77.4667,25.1514
2325,77.5,24.8751
2326,77.5333,24.5133
2327,77.5667,23.9332
2328,77.6,23.7691
2329,77.6333,23.6783
2330,77.6667,23.1382
2331,77.7,22.9364
2332,77.7333,22.5518
2333,77.7667,22.4429
2334,77.8,22.3712
2335,77.8333,22.2385
2336,77.8667,22.2971
2337,77.9,22.0956
2338,77.9333,21.9878
2339,77.9667,21.9334
2340,78.0,22.0074
2341,78.0333,22.0078
2342,78.0667,22.051
2343,78.1,22.0421
2344,78.1333,22.1492
2345,78.1667,22.1796
2346,78.2,22.3202
2347,78.2333,22.4719
2348,78.2667,22.45
2349,78.3,22.4096
2350,78.3333,22.5778
2351,78.3667,22.5474
2352,78.4,23.1359
2353,78.4333,23.0933
2354,78.4667,23.1516
2355,78.5,23.2693
2356,78.5333,23.3129
2357,78.5667,23.2297
2358,78.6,23.2013
2359,78.6333,23.1871
2360,78.6667,23.2934
2361,78.7,23.2921
2362,78.7333,23.2667
2363,78.7667,23.2691
2364,78.8,23.2982
2365,78.8333,23.4434
2366,78.8667,23.4189
2367,78.9,23.3612
2368,78.9333,23.3905
2369,78.9667,23.3303
2370,79.0,23.3857
2371,79.0333,23.5021
2372,79.0667,23.439
2373,79.1,23.6406
2374,79.1333,23.7319
2375,79.1667,23.7874
2376,79.2,23.9471
2377,79.2333,24.0344
2378,79.2667,24.0216
2379,79.3,23.9454
2380,79.3333,23.9489
2381,79.3667,23.4433
2382,79.4,23.4571
2383,79.4333,23.1834
2384,79.4667,23.1108
2385,79.5,23.0276
2386,79.5333,23.0405
2387,79.5667,23.0633
2388,79.6,22.6975
2389,79.6333,22.6696
2390,79.6667,22.6617
2391,79.7,22.5983
2392,79.7333,22.6749
2393,79.7667,22.6912
2394,79.8,22.7539
2395,79.8333,22.8363
2396,79.8667,23.0273
2397,79.9,23.0874
2398,79.9333,23.2231
2399,79.9667,23.4651
2400,80.0,24.4882
2401,80.0333,24.4483
2402,80.0667,24.6032
2403,80.1,24.6263
2404,80.1333,24.5738
2405,80.1667,24.385
2406,80.2,24.3275
2407,80.2333,24.3814
2408,80.2667,24.459
2409,80.3,24.4953
2410,80.3333,24.3835
2411,80.3667,24.3923
2412,80.4,24.2956
2413,80.4333,24.3832
2414,80.4667,24.346
2415,80.5,24.0596
2416,80.5333,24.0617
2417,80.5667,23.9554
2418,80.6,24.0743
2419,80.6333,24.0584
2420,80.6667,24.0897
2421,80.7,24.0149
2422,80.7333,23.908
2423,80.7667,23.8313
2424,80.8,23.8422
2425,80.8333,23.7407
2426,80.8667,23.668
2427,80.9,23.6667
2428,80.9333,23.6488
2429,80.9667,23.7752
2430,81.0,23.7064
2431,81.0333,23.7865
2432,81.0667,23.8684
2433,81.1,23.8189
2434,81.1333,23.8074
2435,81.1667,23.7679
2436,81.2,23.5581
2437,81.2333,23.6404
2438,81.2667,23.7226
2439,81.3,23.7477
2440,81.3333,23.9884
2441,81.3667,23.9604
2442,81.4,24.1351
2443,81.4333,24.2113
2444,81.4667,24.5244
2445,81.5,24.5709
2446,81.5333,24.5341
2447,81.5667,24.5158
2448,81.6,24.1413
2449,81.6333,24.1616
2450,81.6667,24.0146
2451,81.7,23.9194
2452,81.7333,23.6936
2453,81.7667,23.4874
2454,81.8,23.4741
2455,81.8333,23.3652
2456,81.8667,23.3337
2457,81.9,23.1881
2458,81.9333,22.9719
2459,81.9667,22.9658
2460,82.0,23.341
2461,82.0333,23.1734
2462,82.0667,23.1194
2463,82.1,23.3179
2464,82.1333,23.3947
2465,82.1667,23.4493
2466,82.2,23.3944
2467,82.2333,23.378
2468,82.2667,23.3968
2469,82.3,23.4416
2470,82.3333,23.412
2471,82.3667,23.4049
2472,82.4,24.2295
2473,82.4333,24.2543
2474,82.4667,24.2326
2475,82.5,24.268
2476,82.5333,24.3461
2477,82.5667,24.2962
2478,82.6,24.3293
2479,82.6333,24.3628
2480,82.6667,24.3216
2481,82.7,24.3404
2482,82.7333,24.359
2483,82.7667,24.2474
2484,82.8,24.4099
2485,82.8333,24.4064
2486,82.8667,24.3824
2487,82.9,24.4262
2488,82.9333,24.3751
2489,82.9667,24.2434
2490,83.0,24.2383
2491,83.0333,24.2105
2492,83.0667,24.1818
2493,83.1,24.0845
2494,83.1333,24.0819
2495,83.1667,24.0336
2496,83.2,23.818
2497,83.2333,23.9792
2498,83.2667,23.9498
2499,83.3,23.9174
2500,83.3333,23.9828
2501,83.3667,23.9208
2502,83.4,23.9091
2503,83.4333,23.9824
2504,83.4667,23.2575
2505,83.5,21.4959
2506,83.5333,21.454
2507,83.5667,20.9086
2508,83.6,20.7737
2509,83.6333,20.768
2510,83.6667,20.5737
2511,83.7,20.5069
2512,83.7333,20.455
2513,83.7667,20.433
2514,83.8,20.3791
2515,83.8333,20.2324
2516,83.8667,20.2205
2517,83.9,20.2602
2518,83.9333,20.2229
2519,83.9667,20.2519
2520,84.0,20.1575
2521,84.0333,20.1832
2522,84.0667,20.1918
2523,84.1,20.2084
2524,84.1333,20.2253
2525,84.1667,20.1168
2526,84.2,19.9622
2527,84.2333,20.0112
2528,84.2667,19.9396
2529,84.3,19.9612
2530,84.3333,20.0452
2531,84.3667,20.03
2532,84.4,20.0249
2533,84.4333,20.0969
2534,84.4667,20.0629
2535,84.5,20.0517
2536,84.5333,20.0089
2537,84.5667,20.0123
2538,84.6,20.0532
2539,84.6333,20.0828
2540,84.6667,20.0531
2541,84.7,20.128
2542,84.7333,20.1014
2543,84.7667,20.0222
2544,84.8,20.073
2545,84.8333,20.1004
2546,84.8667,20.1075
2547,84.9,20.1284
2548,84.9333,20.1245
2549,84.9667,20.0758
2550,85.0,19.9388
2551,85.0333,20.5269
2552,85.0667,20.5614
2553,85.1,25.7608
2554,85.1333,24.7491
2555,85.1667,25.3551
2556,85.2,24.7543
2557,85.2333,21.8107
2558,85.2667,20.8668
2559,85.3,20.8299
2560,85.3333,21.304
2561,85.3667,20.6416
2562,85.4,20.6688
2563,85.4333,20.5213
2564,85.4667,20.6017
2565,85.5,20.9932
2566,85.5333,21.0767
2567,85.5667,21.2046
2568,85.6,20.7391
2569,85.6333,20.5911
2570,85.6667,20.7029
2571,85.7,20.1827
2572,85.7333,20.1405
2573,85.7667,20.2082
2574,85.8,20.1258
2575,85.8333,20.1873
2576,85.8667,20.3234
2577,85.9,20.3834
2578,85.9333,20.3731
2579,85.9667,20.2704
2580,86.0,20.2888
2581,86.0333,20.1876
2582,86.0667,20.2134
2583,86.1,20.1502
2584,86.1333,20.2284
2585,86.1667,20.2084
2586,86.2,20.1956
2587,86.2333,20.2239
2588,86.2667,20.3164
2589,86.3,20.3063
2590,86.3333,20.2834
2591,86.3667,20.2918
2592,86.4,20.5152
2593,86.4333,20.4411
2594,86.4667,20.4593
2595,86.5,20.506
2596,86.5333,20.5333
2597,86.5667,20.5791
2598,86.6,20.5518
2599,86.6333,20.5789
2600,86.6667,20.6341
2601,86.7,20.6097
2602,86.7333,20.6014
2603,86.7667,20.5904
2604,86.8,20.4807
2605,86.8333,20.4986
2606,86.8667,20.529
2607,86.9,20.6176
2608,86.9333,20.5478
2609,86.9667,20.6898
2610,87.0,20.7071
2611,87.0333,20.7214
2612,87.0667,20.7284
2613,87.1,20.6583
2614,87.1333,20.6549
2615,87.1667,20.6791
2616,87.2,20.5937
2617,87.2333,20.6173
2618,87.2667,20.6289
2619,87.3,20.5373
2620,87.3333,20.4478
2621,87.3667,20.6304
2622,87.4,20.7468
2623,87.4333,20.6787
2624,87.4667,20.5398
2625,87.5,20.6026
2626,87.5333,20.5752
2627,87.5667,20.4441
2628,87.6,20.4366
2629,87.6333,20.5086
2630,87.6667,20.3246
2631,87.7,20.3716
2632,87.7333,20.5375
2633,87.7667,20.571
2634,87.8,20.6223
2635,87.8333,20.6329
2636,87.8667,20.607
2637,87.9,20.501
2638,87.9333,20.4882
2639,87.9667,20.46
2640,88.0,20.7663
2641,88.0333,20.6926
2642,88.0667,20.6219
2643,88.1,20.5327
2644,88.1333,20.544
2645,88.1667,20.5766
2646,88.2,20.6115
2647,88.2333,20.6375
2648,88.2667,20.7266
2649,88.3,20.7076
2650,88.3333,20.6561
2651,88.3667,20.6455
2652,88.4,20.6478
2653,88.4333,20.6711
2654,88.4667,20.6863
2655,88.5,20.6783
2656,88.5333,20.6832
2657,88.5667,20.6502
2658,88.6,20.6449
2659,88.6333,20.6729
2660,88.6667,20.6937
2661,88.7,20.6467
2662,88.7333,20.6486
2663,88.7667,20.6105
2664,88.8,20.6797
2665,88.8333,20.6796
2666,88.8667,20.5904
2667,88.9,20.5525
2668,88.9333,20.5368
2669,88.9667,20.5122
2670,89.0,20.5465
2671,89.0333,20.6068
2672,89.0667,20.5033
2673,89.1,20.4671
2674,89.1333,20.4982
2675,89.1667,20.5481
2676,89.2,20.5854
2677,89.2333,20.6552
2678,89.2667,20.6839
2679,89.3,20.7041
2680,89.3333,20.794
2681,89.3667,20.7331
2682,89.4,20.8071
2683,89.4333,20.7308
2684,89.4667,20.7461
2685,89.5,20.7434
2686,89.5333,20.8291
2687,89.5667,20.7704
2688,89.6,20.7822
2689,89.6333,20.7609
2690,89.6667,20.7332
2691,89.7,20.7768
2692,89.7333,20.7298
2693,89.7667,20.7452
2694,89.8,20.7034
2695,89.8333,20.6701
2696,89.8667,20.6092
2697,89.9,20.5943
2698,89.9333,20.6937
2699,89.9667,20.7961
2700,90.0,20.5958
2701,90.0333,20.5715
2702,90.0667,20.5951
2703,90.1,20.7146
2704,90.1333,20.9495
2705,90.1667,20.9433
2706,90.2,23.0906
2707,90.2333,22.8029
2708,90.2667,22.1792
2709,90.3,24.468
2710,90.3333,24.5037
2711,90.3667,23.9736
2712,90.4,24.4844
2713,90.4333,24.5331
2714,90.4667,25.2714
2715,90.5,22.8605
2716,90.5333,22.7873
2717,90.5667,23.5545
2718,90.6,24.9736
2719,90.6333,25.0262
2720,90.6667,24.8701
2721,90.7,25.3752
2722,90.7333,25.3508
2723,90.7667,25.3212
2724,90.8,23.8704
2725,90.8333,23.5242
2726,90.8667,23.6682
2727,90.9,23.1234
2728,90.9333,22.729
2729,90.9667,22.6657
2730,91.0,22.615
2731,91.0333,22.4013
2732,91.0667,22.2363
2733,91.1,22.0996
2734,91.1333,22.1775
2735,91.1667,21.9692
2736,91.2,22.2097
2737,91.2333,22.5289
2738,91.2667,22.3201
2739,91.3,22.4517
2740,91.3333,22.7504
2741,91.3667,22.8007
2742,91.4,22.7502
2743,91.4333,22.9569
2744,91.4667,22.9968
2745,91.5,22.8205
2746,91.5333,22.9672
2747,91.5667,22.9725
2748,91.6,23.086
2749,91.6333,23.1437
2750,91.6667,23.2899
2751,91.7,23.346
2752,91.7333,23.4885
2753,91.7667,23.2834
2754,91.8,23.3538
2755,91.8333,23.3248
2756,91.8667,23.3651
2757,91.9,23.248
2758,91.9333,23.1678
2759,91.9667,23.0883
2760,92.0,23.0593
2761,92.0333,23.1677
2762,92.0667,23.3313
2763,92.1,23.399
2764,92.1333,23.1778
2765,92.1667,23.1428
2766,92.2,23.1547
2767,92.2333,23.1589
2768,92.2667,23.5858
2769,92.3,23.62
2770,92.3333,23.5019
2771,92.3667,23.4626
2772,92.4,23.3876
2773,92.4333,23.374
2774,92.4667,23.2277
2775,92.5,23.1303
2776,92.5333,23.1557
2777,92.5667,22.9349
2778,92.6,22.9916
2779,92.6333,23.0052
2780,92.6667,23.0887
2781,92.7,23.1502
2782,92.7333,23.085
2783,92.7667,23.1098
2784,92.8,23.3688
2785,92.8333,23.281
2786,92.8667,23.4866
2787,92.9,23.3018
2788,92.9333,23.648
2789,92.9667,24.0018
2790,93.0,23.9581
2791,93.0333,23.8924
2792,93.0667,23.8094
2793,93.1,23.8624
2794,93.1333,23.8126
2795,93.1667,23.7902
2796,93.2,23.753
2797,93.2333,23.5737
2798,93.2667,23.6631
2799,93.3,23.6254
2800,93.3333,23.7196
2801,93.3667,23.5357
2802,93.4,23.5141
2803,93.4333,23.3804
2804,93.4667,23.4849
2805,93.5,23.4261
2806,93.5333,23.3867
2807,93.5667,23.4122
2808,93.6,23.0855
2809,93.6333,23.1056
2810,93.6667,23.0269
2811,93.7,23.0242
2812,93.7333,23.1604
2813,93.7667,23.1356
2814,93.8,23.13
2815,93.8333,23.1678
2816,93.8667,23.3416
2817,93.9,23.4001
2818,93.9333,23.4482
2819,93.9667,23.4702
2820,94.0,23.1982
2821,94.0333,23.32
2822,94.0667,23.3263
2823,94.1,23.3157
2824,94.1333,23.3213
2825,94.1667,23.3967
2826,94.2,23.3313
2827,94.2333,23.3656
2828,94.2667,23.4628
2829,94.3,23.5095
2830,94.3333,23.5506
2831,94.3667,23.6553
2832,94.4,23.7723
2833,94.4333,23.7619
2834,94.4667,23.668
2835,94.5,23.7699
2836,94.5333,23.9161
2837,94.5667,23.8745
2838,94.6,23.8485
2839,94.6333,23.7973
2840,94.6667,23.7774
2841,94.7,23.5727
2842,94.7333,23.6671
2843,94.7667,23.42
2844,94.8,23.5589
2845,94.8333,23.8752
2846,94.8667,23.8676
2847,94.9,23.9
2848,94.9333,23.7109
2849,94.9667,23.6493
2850,95.0,23.6824
2851,95.0333,23.7169
2852,95.0667,23.6237
2853,95.1,23.5652
2854,95.1333,23.4284
2855,95.1667,23.3042
2856,95.2,22.9142
2857,95.2333,23.0017
2858,95.2667,22.9285
2859,95.3,22.7044
2860,95.3333,22.7238
2861,95.3667,22.8857
2862,95.4,22.9108
2863,95.4333,22.9298
2864,95.4667,22.9477
2865,95.5,22.9512
2866,95.5333,22.9566
2867,95.5667,22.9808
2868,95.6,23.5044
2869,95.6333,23.6387
2870,95.6667,23.4168
2871,95.7,23.6573
2872,95.7333,23.539
2873,95.7667,23.5331
2874,95.8,23.6787
2875,95.8333,23.6955
2876,95.8667,23.7387
2877,95.9,23.7074
2878,95.9333,23.7416
2879,95.9667,23.7937
2880,96.0,23.6037
2881,96.0333,23.5751
2882,96.0667,23.6502
2883,96.1,23.6643
2884,96.1333,23.5144
2885,96.1667,23.457
2886,96.2,23.6148
2887,96.2333,23.2855
2888,96.2667,23.2413
2889,96.3,22.6316
2890,96.3333,21.9388
2891,96.3667,21.4797
2892,96.4,21.1354
2893,96.4333,20.8565
2894,96.4667,20.7829
2895,96.5,20.7513
2896,96.5333,20.7379
2897,96.5667,20.692
2898,96.6,20.6955
2899,96.6333,20.7205
2900,96.6667,20.7788
2901,96.7,20.7439
2902,96.7333,20.7297
2903,96.7667,20.841
2904,96.8,20.8312
2905,96.8333,20.965
2906,96.8667,21.1293
2907,96.9,21.0466
2908,96.9333,21.2867
2909,96.9667,21.3472
2910,97.0,21.6859
2911,97.0333,21.6267
2912,97.0667,22.1122
2913,97.1,21.9815
2914,97.1333,22.0443
2915,97.1667,21.9233
2916,97.2,21.8719
2917,97.2333,21.9399
2918,97.2667,21.7957
2919,97.3,21.5979
2920,97.3333,21.6034
2921,97.3667,21.551
2922,97.4,21.5592
2923,97.4333,21.4479
2924,97.4667,21.4658
2925,97.5,21.5191
2926,97.5333,21.5254
2927,97.5667,21.3976
2928,97.6,21.776
2929,97.6333,21.7799
2930,97.6667,21.8763
2931,97.7,21.9971
2932,97.7333,22.2921
2933,97.7667,22.3421
2934,97.8,22.4592
2935,97.8333,22.4737
2936,97.8667,22.9416
2937,97.9,23.1007
2938,97.9333,23.2095
2939,97.9667,23.2401
2940,98.0,23.469
2941,98.0333,23.294
2942,98.0667,23.2536
2943,98.1,23.2649
2944,98.1333,23.4732
2945,98.1667,23.5972
2946,98.2,23.1863
2947,98.2333,23.2555
2948,98.2667,23.3551
2949,98.3,22.9624
2950,98.3333,22.9615
2951,98.3667,22.9277
2952,98.4,22.8497
2953,98.4333,23.0355
2954,98.4667,22.8816
2955,98.5,22.8522
2956,98.5333,23.0833
2957,98.5667,23.0342
2958,98.6,22.9415
2959,98.6333,23.2058
2960,98.6667,23.3583
2961,98.7,23.2513
2962,98.7333,23.2609
2963,98.7667,23.0696
2964,98.8,23.0295
2965,98.8333,22.8616
2966,98.8667,22.8817
2967,98.9,22.8301
2968,98.9333,22.7426
2969,98.9667,22.6718
2970,99.0,22.5294
2971,99.0333,22.2713
2972,99.0667,22.2929
2973,99.1,22.2761
2974,99.1333,22.2838
2975,99.1667,22.2045
2976,99.2,22.5601
2977,99.2333,22.5304
2978,99.2667,22.5175
2979,99.3,22.524
2980,99.3333,22.5637
2981,99.3667,22.5966
2982,99.4,22.5822
2983,99.4333,22.6035
2984,99.4667,22.5993
2985,99.5,22.566
2986,99.5333,22.5451
2987,99.5667,22.5663
2988,99.6,22.7485
2989,99.6333,22.6121
2990,99.6667,22.5436
2991,99.7,22.6273
2992,99.7333,22.6961
2993,99.7667,22.9386
2994,99.8,22.9103
2995,99.8333,22.7392
2996,99.8667,22.6927
2997,99.9,22.8544
2998,99.9333,22.8201
2999,99.9667,22.9698
3000,100.0,23.0799
3001,100.0333,23.095
3002,100.0667,22.9959
3003,100.1,23.0386
3004,100.1333,22.7467
3005,100.1667,23.0005
3006,100.2,22.9418
3007,100.2333,22.8138
3008,100.2667,22.9551
3009,100.3,22.9806
3010,100.3333,22.9217
3011,100.3667,23.0258
3012,100.4,23.1787
3013,100.4333,23.2043
3014,100.4667,23.2275
3015,100.5,23.4405
3016,100.5333,23.6079
3017,100.5667,23.64
3018,100.6,23.7483
3019,100.6333,23.7643
3020,100.6667,23.8348
3021,100.7,23.7209
3022,100.7333,23.5789
3023,100.7667,23.6512
3024,100.8,22.7913
3025,100.8333,22.9571
3026,100.8667,22.6553
3027,100.9,22.6959
3028,100.9333,22.864
3029,100.9667,22.6932
3030,101.0,22.6218
3031,101.0333,22.4945
3032,101.0667,22.5143
3033,101.1,22.4999
3034,101.1333,22.3616
3035,101.1667,22.3572
3036,101.2,22.6926
3037,101.2333,22.6359
3038,101.2667,22.5752
3039,101.3,22.6055
3040,101.3333,22.6568
3041,101.3667,22.724
3042,101.4,22.7565
3043,101.4333,22.7491
3044,101.4667,22.7826
3045,101.5,22.6783
3046,101.5333,22.7059
3047,101.5667,22.6462
3048,101.6,22.4625
3049,101.6333,22.5903
3050,101.6667,22.666
3051,101.7,22.706
3052,101.7333,23.1372
3053,101.7667,22.9322
3054,101.8,22.9438
3055,101.8333,22.4803
3056,101.8667,22.4695
3057,101.9,22.6441
3058,101.9333,22.8718
3059,101.9667,22.8855
3060,102.0,22.861
3061,102.0333,22.5706
3062,102.0667,22.4467
3063,102.1,22.5553
3064,102.1333,22.8311
3065,102.1667,22.8684
3066,102.2,22.8445
3067,102.2333,22.8517
3068,102.2667,22.8832
3069,102.3,22.8835
3070,102.3333,22.8771
3071,102.3667,22.9242
3072,102.4,22.7383
3073,102.4333,22.7494
3074,102.4667,22.7508
3075,102.5,22.7224
3076,102.5333,22.8252
3077,102.5667,22.7206
3078,102.6,22.8256
3079,102.6333,22.7243
3080,102.6667,23.2374
3081,102.7,23.056
3082,102.7333,22.7918
3083,102.7667,22.8864
3084,102.8,22.9809
3085,102.8333,22.9573
3086,102.8667,22.6706
3087,102.9,22.5669
3088,102.9333,22.6146
3089,102.9667,22.2057
3090,103.0,22.0035
3091,103.0333,21.9872
3092,103.0667,21.7949
3093,103.1,21.8639
3094,103.1333,21.7854
3095,103.1667,21.4902
3096,103.2,21.7316
3097,103.2333,22.4722
3098,103.2667,22.3836
3099,103.3,22.2914
3100,103.3333,26.8157
3101,103.3667,24.459
3102,103.4,24.4981
3103,103.4333,25.0658
3104,103.4667,22.6196
3105,103.5,22.5743
3106,103.5333,21.3325
3107,103.5667,22.0458
3108,103.6,21.8491
3109,103.6333,22.4783
3110,103.6667,22.5663
3111,103.7,22.6822
3112,103.7333,22.807
3113,103.7667,22.8134
3114,103.8,23.0796
3115,103.8333,23.2013
3116,103.8667,22.7723
3117,103.9,22.5218
3118,103.9333,22.8119
3119,103.9667,22.6702
3120,104.0,22.8411
3121,104.0333,22.7604
3122,104.0667,22.7883
3123,104.1,22.3165
3124,104.1333,22.1325
3125,104.1667,22.2418
3126,104.2,22.1747
3127,104.2333,22.377
3128,104.2667,22.474
3129,104.3,22.7749
3130,104.3333,22.5935
3131,104.3667,22.6812
3132,104.4,22.9782
3133,104.4333,22.8585
3134,104.4667,22.7741
3135,104.5,22.7726
3136,104.5333,22.5198
3137,104.5667,22.9323
3138,104.6,22.9396
3139,104.6333,23.0386
3140,104.6667,23.0771
3141,104.7,23.2148
3142,104.7333,23.0589
3143,104.7667,23.077
3144,104.8,22.8066
3145,104.8333,22.933
3146,104.8667,22.7209
3147,104.9,22.6059
3148,104.9333,22.5732
3149,104.9667,23.2619
3150,105.0,23.1983
3151,105.0333,23.4022
3152,105.0667,23.4807
3153,105.1,23.6444
3154,105.1333,23.6225
3155,105.1667,23.6289
3156,105.2,23.0175
3157,105.2333,23.2583
3158,105.2667,23.163
3159,105.3,23.3519
3160,105.3333,23.3265
3161,105.3667,23.3693
3162,105.4,23.5236
3163,105.4333,23.5032
3164,105.4667,23.4676
3165,105.5,23.591
3166,105.5333,23.7277
3167,105.5667,23.8848
3168,105.6,23.8041
3169,105.6333,23.5064
3170,105.6667,23.6467
3171,105.7,23.6385
3172,105.7333,23.6835
3173,105.7667,23.5666
3174,105.8,23.6461
3175,105.8333,23.5098
3176,105.8667,23.6569
3177,105.9,23.2912
3178,105.9333,23.271
3179,105.9667,22.9332
3180,106.0,23.3516
3181,106.0333,23.3466
3182,106.0667,23.4746
3183,106.1,23.491
3184,106.1333,23.607
3185,106.1667,23.5863
3186,106.2,23.4902
3187,106.2333,23.562
3188,106.2667,23.6918
3189,106.3,23.7446
3190,106.3333,23.8445
3191,106.3667,23.9161
3192,106.4,23.787
3193,106.4333,23.8175
3194,106.4667,23.8537
3195,106.5,24.2278
3196,106.5333,24.3975
3197,106.5667,24.5056
3198,106.6,24.5118
3199,106.6333,24.3831
3200,106.6667,24.5881
3201,106.7,24.5707
3202,106.7333,24.9002
3203,106.7667,25.0875
3204,106.8,24.3488
3205,106.8333,24.4036
3206,106.8667,24.01
3207,106.9,23.6027
3208,106.9333,23.5126
3209,106.9667,23.5199
3210,107.0,23.407
3211,107.0333,23.3961
3212,107.0667,23.4442
3213,107.1,23.3079
3214,107.1333,23.3446
3215,107.1667,23.4321
3216,107.2,23.6097
3217,107.2333,23.5857
3218,107.2667,23.7187
3219,107.3,23.852
3220,107.3333,23.9816
3221,107.3667,23.8351
3222,107.4,23.6695
3223,107.4333,23.7462
3224,107.4667,24.0819
3225,107.5,23.8639
3226,107.5333,23.8901
3227,107.5667,23.7722
3228,107.6,24.0594
3229,107.6333,24.2241
3230,107.6667,24.5855
3231,107.7,24.0154
3232,107.7333,23.8611
3233,107.7667,23.8938
3234,107.8,23.8812
3235,107.8333,23.7647
3236,107.8667,23.4515
3237,107.9,23.1147
3238,107.9333,23.3637
3239,107.9667,23.3181
3240,108.0,23.1262
3241,108.0333,22.9874
3242,108.0667,22.9171
3243,108.1,22.9232
3244,108.1333,22.8707
3245,108.1667,22.5819
3246,108.2,22.9434
3247,108.2333,22.9627
3248,108.2667,22.9837
3249,108.3,22.8478
3250,108.3333,22.9677
3251,108.3667,23.2602
3252,108.4,23.4394
3253,108.4333,23.4572
3254,108.4667,23.4462
3255,108.5,23.4859
3256,108.5333,23.2965
3257,108.5667,23.2206
3258,108.6,23.2066
3259,108.6333,23.3663
3260,108.6667,23.4309
3261,108.7,23.6388
3262,108.7333,23.7178
3263,108.7667,23.4777
3264,108.8,23.1599
3265,108.8333,23.1151
3266,108.8667,23.1997
3267,108.9,23.2047
3268,108.9333,23.2033
3269,108.9667,23.1591
3270,109.0,23.1396
3271,109.0333,23.6172
3272,109.0667,23.8505
3273,109.1,23.7927
3274,109.1333,24.2283
3275,109.1667,24.1328
3276,109.2,20.9146
3277,109.2333,24.216
3278,109.2667,24.979
3279,109.3,24.9996
3280,109.3333,25.3092
3281,109.3667,25.4435
3282,109.4,25.4917
3283,109.4333,25.1677
3284,109.4667,24.4809
3285,109.5,24.5385
3286,109.5333,24.5089
3287,109.5667,25.2708
3288,109.6,25.6463
3289,109.6333,25.4959
3290,109.6667,25.0648
3291,109.7,24.8874
3292,109.7333,25.5128
3293,109.7667,25.4193
3294,109.8,25.5228
3295,109.8333,25.3946
3296,109.8667,25.4269
3297,109.9,25.5657
3298,109.9333,25.2862
3299,109.9667,25.2925
3300,110.0,25.0655
3301,110.0333,25.0681
3302,110.0667,25.095
3303,110.1,25.2261
3304,110.1333,25.1698
3305,110.1667,25.057
3306,110.2,24.8216
3307,110.2333,24.602
3308,110.2667,24.6805
3309,110.3,24.6776
3310,110.3333,24.6643
3311,110.3667,25.0475
3312,110.4,24.6747
3313,110.4333,24.9398
3314,110.4667,24.8847
3315,110.5,25.07
3316,110.5333,24.8061
3317,110.5667,24.9671
3318,110.6,24.9941
3319,110.6333,24.9687
3320,110.6667,25.1597
3321,110.7,25.1335
3322,110.7333,25.1372
3323,110.7667,25.1396
3324,110.8,25.5175
3325,110.8333,25.5941
3326,110.8667,25.793
3327,110.9,25.5894
3328,110.9333,25.6484
3329,110.9667,25.6405
3330,111.0,25.7482
3331,111.0333,25.8516
3332,111.0667,26.1199
3333,111.1,26.2401
3334,111.1333,26.3597
3335,111.1667,26.5475
3336,111.2,26.8848
3337,111.2333,26.9377
3338,111.2667,26.8153
3339,111.3,27.1419
3340,111.3333,26.9965
3341,111.3667,26.6203
3342,111.4,26.6945
3343,111.4333,26.6144
3344,111.4667,26.6628
3345,111.5,26.7698
3346,111.5333,26.8179
3347,111.5667,26.7121
3348,111.6,26.5479
3349,111.6333,26.4611
3350,111.6667,26.5132
3351,111.7,26.5343
3352,111.7333,26.446
3353,111.7667,26.4456
3354,111.8,26.5871
3355,111.8333,26.6503
3356,111.8667,26.7765
3357,111.9,26.7942
3358,111.9333,26.895
3359,111.9667,26.9066
3360,112.0,27.9019
3361,112.0333,28.0075
3362,112.0667,28.0684
3363,112.1,28.3371
3364,112.1333,28.3178
3365,112.1667,28.2313
3366,112.2,28.038
3367,112.2333,27.9148
3368,112.2667,27.7773
3369,112.3,27.9249
3370,112.3333,27.7487
3371,112.3667,27.5949
3372,112.4,26.7619
3373,112.4333,26.547
3374,112.4667,26.3875
3375,112.5,26.0335
3376,112.5333,26.4485
3377,112.5667,26.4472
3378,112.6,26.0049
3379,112.6333,25.2368
3380,112.6667,22.0994
3381,112.7,24.1809
3382,112.7333,24.1067
3383,112.7667,24.258
3384,112.8,24.98
3385,112.8333,24.9695
3386,112.8667,22.6073
3387,112.9,24.4987
3388,112.9333,25.8071
3389,112.9667,25.6486
3390,113.0,25.6548
3391,113.0333,27.2466
3392,113.0667,27.2749
3393,113.1,27.5788
3394,113.1333,28.139
3395,113.1667,28.0366
3396,113.2,28.2292
3397,113.2333,28.0627
3398,113.2667,27.7368
3399,113.3,27.9114
3400,113.3333,27.5851
3401,113.3667,27.0746
3402,113.4,26.8341
3403,113.4333,26.7942
3404,113.4667,25.8884
3405,113.5,25.2314
3406,113.5333,25.3041
3407,113.5667,25.2764
3408,113.6,25.3045
3409,113.6333,25.4072
3410,113.6667,25.1337
3411,113.7,25.9522
3412,113.7333,26.0065
3413,113.7667,26.1352
3414,113.8,26.1509
3415,113.8333,26.322
3416,113.8667,26.2461
3417,113.9,26.2788
3418,113.9333,26.6147
3419,113.9667,26.6233
3420,114.0,27.2698
3421,114.0333,27.2072
3422,114.0667,27.7717
3423,114.1,27.9415
3424,114.1333,28.3006
3425,114.1667,28.3433
3426,114.2,28.3814
3427,114.2333,28.3613
3428,114.2667,28.2909
3429,114.3,27.9435
3430,114.3333,27.9133
3431,114.3667,28.1246
3432,114.4,28.6097
3433,114.4333,28.4816
3434,114.4667,29.0834
3435,114.5,28.8521
3436,114.5333,29.0896
3437,114.5667,28.3824
3438,114.6,27.7818
3439,114.6333,27.5184
3440,114.6667,21.3663
3441,114.7,24.5081
3442,114.7333,24.6131
3443,114.7667,24.6328
3444,114.8,25.1565
3445,114.8333,25.1803
3446,114.8667,25.1019
3447,114.9,25.1216
3448,114.9333,23.1568
3449,114.9667,23.2829
3450,115.0,23.3209
3451,115.0333,23.3191
3452,115.0667,23.18
3453,115.1,23.1869
3454,115.1333,26.3666
3455,115.1667,28.2146
3456,115.2,28.4937
3457,115.2333,28.4409
3458,115.2667,28.69
3459,115.3,28.7234
3460,115.3333,28.8208
3461,115.3667,28.8525
3462,115.4,27.9203
3463,115.4333,27.9321
3464,115.4667,27.3726
3465,115.5,26.7643
3466,115.5333,26.4834
3467,115.5667,26.18
3468,115.6,24.6424
3469,115.6333,24.6716
3470,115.6667,24.7477
3471,115.7,23.6289
3472,115.7333,23.5429
3473,115.7667,23.2435
3474,115.8,23.1761
3475,115.8333,21.8565
3476,115.8667,21.8755
3477,115.9,21.7338
3478,115.9333,21.741
3479,115.9667,21.8066
3480,116.0,21.9303
3481,116.0333,21.6454
3482,116.0667,21.306
3483,116.1,21.3436
3484,116.1333,21.4075
3485,116.1667,21.3747
3486,116.2,21.3318
3487,116.2333,21.1981
3488,116.2667,21.4653
3489,116.3,21.2478
3490,116.3333,21.4626
3491,116.3667,21.3509
3492,116.4,21.6477
3493,116.4333,21.6504
3494,116.4667,21.911
3495,116.5,21.7111
3496,116.5333,21.6417
3497,116.5667,21.4948
3498,116.6,21.6392
3499,116.6333,21.8329
3500,116.6667,21.7792
3501,116.7,21.3687
3502,116.7333,21.3227
3503,116.7667,21.4217
3504,116.8,21.7002
3505,116.8333,21.4855
3506,116.8667,21.6181
3507,116.9,21.266
3508,116.9333,21.3625
3509,116.9667,21.3761
3510,117.0,21.37
3511,117.0333,21.6242
3512,117.0667,21.9699
3513,117.1,21.7815
3514,117.1333,21.9451
3515,117.1667,21.9273
3516,117.2,21.9113
3517,117.2333,22.0135
3518,117.2667,22.0521
3519,117.3,22.0319
3520,117.3333,22.3885
3521,117.3667,22.545
3522,117.4,23.0616
3523,117.4333,23.0627
3524,117.4667,23.6093
3525,117.5,23.4457
3526,117.5333,23.5426
3527,117.5667,23.368
3528,117.6,23.7453
3529,117.6333,23.7045
3530,117.6667,23.8325
3531,117.7,23.599
3532,117.7333,23.8188
3533,117.7667,23.4794
3534,117.8,23.5968
3535,117.8333,23.5638
3536,117.8667,23.401
3537,117.9,23.3411
3538,117.9333,23.4382
3539,117.9667,23.5658
3540,118.0,24.1554
3541,118.0333,24.2622
3542,118.0667,24.4357
3543,118.1,24.4355
3544,118.1333,24.3887
3545,118.1667,24.468
3546,118.2,24.3786
3547,118.2333,24.3616
3548,118.2667,24.4559
3549,118.3,24.1332
3550,118.3333,23.9591
3551,118.3667,23.9785
3552,118.4,24.3289
3553,118.4333,24.2501
3554,118.4667,24.38
3555,118.5,24.3336
3556,118.5333,24.2046
3557,118.5667,24.169
3558,118.6,21.9457
3559,118.6333,24.1257
3560,118.6667,25.2032
3561,118.7,25.2206
3562,118.7333,25.0619
3563,118.7667,24.3775
3564,118.8,22.2922
3565,118.8333,22.3073
3566,118.8667,23.5135
3567,118.9,23.7706
3568,118.9333,23.6486
3569,118.9667,23.7844
3570,119.0,24.6746
3571,119.0333,24.8019
3572,119.0667,25.3742
3573,119.1,25.6243
3574,119.1333,25.5976
3575,119.1667,25.6094
3576,119.2,25.6381
3577,119.2333,25.6519
3578,119.2667,25.4556
3579,119.3,25.1376
3580,119.3333,25.0104
3581,119.3667,24.505
3582,119.4,24.3933
3583,119.4333,23.9138
3584,119.4667,23.5198
3585,119.5,23.1432
3586,119.5333,22.3847
3587,119.5667,22.1715
3588,119.6,22.0134
3589,119.6333,22.0926
3590,119.6667,21.8801
3591,119.7,21.6762
3592,119.7333,21.8669
3593,119.7667,21.5525
3594,119.8,21.4445
3595,119.8333,21.5805
3596,119.8667,21.5786
3597,119.9,21.9072
3598,119.9333,22.0658
3599,119.9667,22.1288
3600,120.0,22.5668
3601,120.0333,22.639
3602,120.0667,22.5808
3603,120.1,22.6292
3604,120.1333,22.8693
3605,120.1667,22.958
3606,120.2,22.8603
3607,120.2333,23.1113
3608,120.2667,23.1113
3609,120.3,23.3234
3610,120.3333,23.0605
3611,120.3667,22.7432
3612,120.4,22.7511
3613,120.4333,22.6953
3614,120.4667,22.7443
3615,120.5,22.5363
3616,120.5333,22.5407
3617,120.5667,22.5068
3618,120.6,22.5212
3619,120.6333,22.4692
3620,120.6667,22.7265
3621,120.7,22.6949
3622,120.7333,22.835
3623,120.7667,22.6771
3624,120.8,22.8148
3625,120.8333,22.9033
3626,120.8667,22.9365
3627,120.9,22.7474
3628,120.9333,22.6944
3629,120.9667,22.7658
3630,121.0,22.9604
3631,121.0333,23.0608
3632,121.0667,23.415
3633,121.1,23.4695
3634,121.1333,23.4571
3635,121.1667,23.3367
3636,121.2,23.6763
3637,121.2333,23.6863
3638,121.2667,23.6438
3639,121.3,23.5991
3640,121.3333,23.6754
3641,121.3667,23.7515
3642,121.4,23.5704
3643,121.4333,23.5258
3644,121.4667,23.5362
3645,121.5,23.529
3646,121.5333,23.5546
3647,121.5667,23.4506
3648,121.6,23.4249
3649,121.6333,23.5573
3650,121.6667,23.4822
3651,121.7,23.5459
3652,121.7333,23.5394
3653,121.7667,23.5256
3654,121.8,23.4942
3655,121.8333,23.5044
3656,121.8667,23.3211
3657,121.9,23.3222
3658,121.9333,23.1139
3659,121.9667,23.1256
3660,122.0,23.531
3661,122.0333,23.4729
3662,122.0667,23.6679
3663,122.1,24.2821
3664,122.1333,24.3608
3665,122.1667,22.0213
3666,122.2,22.203
3667,122.2333,23.5028
3668,122.2667,24.112
3669,122.3,23.9794
3670,122.3333,23.9993
3671,122.3667,23.7391
3672,122.4,23.9766
3673,122.4333,23.9876
3674,122.4667,24.3304
3675,122.5,24.9933
3676,122.5333,25.0523
3677,122.5667,25.2657
3678,122.6,24.9455
3679,122.6333,22.2564
3680,122.6667,25.9797
3681,122.7,26.4637
3682,122.7333,26.3443
3683,122.7667,26.0933
3684,122.8,26.1081
3685,122.8333,26.2082
3686,122.8667,25.965
3687,122.9,25.8543
3688,122.9333,26.2364
3689,122.9667,26.2405
3690,123.0,26.4475
3691,123.0333,26.1262
3692,123.0667,25.9722
3693,123.1,26.0431
3694,123.1333,26.2033
3695,123.1667,26.3421
3696,123.2,26.1787
3697,123.2333,26.1311
3698,123.2667,26.1523
3699,123.3,26.2672
3700,123.3333,26.3536
3701,123.3667,26.2345
3702,123.4,26.1907
3703,123.4333,26.5318
3704,123.4667,26.6363
3705,123.5,26.6186
3706,123.5333,26.7349
3707,123.5667,26.8393
3708,123.6,26.9994
3709,123.6333,26.8471
3710,123.6667,26.7278
3711,123.7,26.8249
3712,123.7333,26.8928
3713,123.7667,27.1078
3714,123.8,27.134
3715,123.8333,27.3448
3716,123.8667,27.5653
3717,123.9,27.4529
3718,123.9333,27.5364
3719,123.9667,27.776
3720,124.0,27.7994
3721,124.0333,27.8299
3722,124.0667,28.2058
3723,124.1,28.0488
3724,124.1333,27.9974
3725,124.1667,27.7769
3726,124.2,27.9591
3727,124.2333,28.0379
3728,124.2667,28.682
3729,124.3,28.5318
3730,124.3333,28.8357
3731,124.3667,28.8522
3732,124.4,29.1593
3733,124.4333,29.2198
3734,124.4667,28.833
3735,124.5,28.6894
3736,124.5333,29.0482
3737,124.5667,29.0197
3738,124.6,28.9338
3739,124.6333,28.8396
3740,124.6667,29.0108
3741,124.7,28.3483
3742,124.7333,28.3114
3743,124.7667,28.2459
3744,124.8,28.7014
3745,124.8333,28.5986
3746,124.8667,28.7885
3747,124.9,28.8039
3748,124.9333,29.0033
3749,124.9667,28.7584
3750,125.0,28.9145
3751,125.0333,29.2744
3752,125.0667,29.4941
3753,125.1,29.2088
3754,125.1333,29.3456
3755,125.1667,29.5254
3756,125.2,30.109
3757,125.2333,30.1681
3758,125.2667,30.0867
3759,125.3,30.2711
3760,125.3333,30.4371
3761,125.3667,30.439
3762,125.4,30.4223
3763,125.4333,18.8114
3764,125.4667,16.0173
3765,125.5,7.7105
3766,125.5333,6.7032
3767,125.5667,6.2538
3768,125.6,5.9152
3769,125.6333,5.9898
3770,125.6667,6.0033
3771,125.7,6.013
3772,125.7333,6.0234
3773,125.7667,6.02
3774,125.8,6.0209
3775,125.8333,6.0232
3776,125.8667,6.0145
3777,125.9,6.0132
3778,125.9333,6.0101
3779,125.9667,6.0103
3780,126.0,6.0095
3781,126.0333,6.0096
3782,126.0667,6.0133
3783,126.1,6.0159
3784,126.1333,6.0124
3785,126.1667,6.0103
3786,126.2,6.01
3787,126.2333,6.009
3788,126.2667,6.0116
3789,126.3,6.0116
3790,126.3333,6.0115
3791,126.3667,6.0105
3792,126.4,6.0166
3793,126.4333,6.0158
